ID	DOCULECT	CONCEPT	VALUE	FORM	TOKENS	NOTE	SUBGROUP	ALIGNMENT	COGID	COGIDS	SOURCE	STRUCTURE
2940	Andoa	I	kijá	kijá	k i h a	None	Zaparoan	k i h a	77	11	Michael2009	C V C V
1577	Arabela	I	kwa	kwa	kʷ a	None	Zaparoan	kʷ - - a	77	11	Johansson2021	C V
78	Iquito	I	kí=	kí=	k i	I	Zaparoan	k i - -	77	11	Michael2022	C V
4709	Zaparo	I	kwihya	kwihya	kʷ i hʲ a	None	Zaparoan	kʷ i hʲ a	77	11	Beier2014	C V C V
3218	Coeruna	I	coáe	coáe	k o a.e	Martius: ego	Huitotoan	k o a.e	796	2	Martius1867	C V V
3314	MiranhaCarapana-Tapuya	I	cui	cui	k u i	Martius: ego	Huitotoan	k u i	796	2	Martius1867	C V V
412	Ocaina	I	xõ	xõ	x o	None	Huitotoan	x o -	796	2	Huber2021	C V
820	WitotoMinica	I	kúe	kúe	k u e	None	Huitotoan	k u e	796	2	Huber2021	C V V
1037	WitotoMurui	I	kue	kue	k u e	None	Huitotoan	k u e	796	2	Huber2021	C V V
1243	WitotoNipode	I	kúe	kúe	k u e	None	Huitotoan	k u e	796	2	Huber2021	C V V
2806	AchuarShiwiar	I	wi	wi	v i	None	Chicham	v i	1	1	Fast2008	C V
1441	Aguaruna	I	wi	wi	w i	None	Chicham	w i	1	1	Johansson2021	C V
3608	Shuar	I	wi	wi	w i	None	Chicham	w i	1	1	Pellizzaro2005	C V
4056	Wampis	I	wi	wi	w i	None	Chicham	w i	1	1	Peña2023	C V
1821	Chayahuita	I	ka	ka	k a	None	Cahuapanan	k a - -	3372	65	Johansson2021	C V
3427	Shiwilu	I	kenmu’	kenmu’	kˀ ə n	inclusive form	Cahuapanan	kˀ ə n -	3372	65	Valenzuela2012	C V C
3920	Urarina	I	kan̪ɨ̃́	kan̪ɨ̃́	k a n ɨ	None	Isolate	k a n ɨ	3372	65	Peña2023	C V C V
845	WitotoMinica	all (of a number)	nána	nána	n a n a	None	Huitotoan	n a n a	2952	50	Huber2021	C V C V
1061	WitotoMurui	all (of a number)	nana	nana	n a n a	None	Huitotoan	n a n a	2952	50	Huber2021	C V C V
1267	WitotoNipode	all (of a number)	nána	nána	n a n a	None	Huitotoan	n a n a	2952	50	Huber2021	C V C V
2731	AchuarShiwiar	all (of a number)	ashí	ashí	a ʃ i	From the examples seems that this is the least used form: mash	Chicham	- a ʃ i	1851	35	Fast2008	V C V
1384	Aguaruna	all (of a number)	aʃi	aʃi	a ʃ i	None	Chicham	- a ʃ i	1851	35	Johansson2021	V C V
3539	Shuar	all (of a number)	másh’,mashi	másh’	m a ʃˀ	None	Chicham	m a ʃˀ -	1851	35	Pellizzaro2005	C V C
4072	Wampis	all (of a number)	ashi	ashi	a ʃ i	None	Chicham	- a ʃ i	1851	35	Peña2023	V C V
4833	AchuarShiwiar	animal	kuntinʲ	kuntinʲ	k u n t i nʲ	None	Chicham	k u n t i nʲ	3505	82	Kohlberger2020	C V C C V C
1385	Aguaruna	animal	kuntin	kuntin	k ʊ n t i n	None	Chicham	k ʊ n t i n	3505	82	Johansson2021	C V C C V C
4834	Shuar	animal	kuntin	kuntin	k u n t i n	None	Chicham	k u n t i n	3505	82	Pellizzaro2005	C V C C V C
4100	Wampis	animal	kuntin	kuntin	k u n t i n	None	Chicham	k u n t i n	3505	82	Peña2023	C V C C V C
2734	AchuarShiwiar	animal	tángku	tángku	t a ŋ k u	domesticated animal	Chicham	t a ŋ k u	3546	87	Fast2008	C V C C V
4832	Aguaruna	animal	tágku	tágku	t a ŋ k u	None	Chicham	t a ŋ k u	3546	87	Paati2020	C V C C V
3297	MiranhaCarapana-Tapuya	animal	thücke	thücke	t ɨ k e	Martius: animal	Huitotoan	t ɨ - k e	3546	87	Martius1867	C V C V
3542	Shuar	animal	tanku	tanku	t a ŋ k u	animal doméstico	Chicham	t a ŋ k u	3546	87	Pellizzaro2005	C V C C V
4835	Wampis	animal	tanku	tanku	t a n k u	animal doméstico	Chicham	t a n k u	3546	87	Peña2015	C V C C V
782	WitotoMinica	ashes	híθeɸo	híθeɸo	h i θ e ɸ o	None	Huitotoan	h i θ e ɸ o	119	115	Huber2021	C V C V C V
999	WitotoMurui	ashes	huθeɸo	huθeɸo	h u θ e ɸ o	None	Huitotoan	h u θ e ɸ o	119	115	Huber2021	C V C V C V
1205	WitotoNipode	ashes	hítuegɯ	hítuegɯ	h i t u.e g ɯ	None	Huitotoan	h i t u.e g ɯ	119	115	Huber2021	C V C V C V
2735	AchuarShiwiar	ashes	yukú̃ũ	yukú̃ũ	j u k uː	None	Chicham	j u k uː	3649	99	Fast2008	C V C V
1386	Aguaruna	ashes	juku	juku	j ʊ k ʊ	None	Chicham	j ʊ k ʊ	3649	99	Johansson2021	C V C V
4836	Wampis	ashes	yuku	yuku	j u k u	None	Chicham	j u k u	3649	99	Peña2023	C V C V
2338	Bora	ashes	pá-ʧiíhʲɯ	pá-ʧiíhʲɯ	p a + tʃ i.i hʲ ɯ	None	Boran	p a + tʃ i.i hʲ ɯ	12	101 102	Seifart2024	C V + C V C V
2339	Muinane	ashes	bai-gííhɨ	bai-gííhɨ	b ai + g i.i h ɨ	None	Boran	b ai + g i.i h ɨ	12	101 102	Seifart2024	C V + C V C V
2337	Proto-Bora-Muinane	ashes	bai-giihɨ	bai-giihɨ	b ai + g i.i h ɨ	None	Boran	b ai + g i.i h ɨ	12	101 102	Seifart2024	C V + C V C V
911	WitotoMinica	at	mo	mo	m o	None	Huitotoan	m o	268	135	Huber2021	C V
1119	WitotoMurui	at	mo	mo	m o	None	Huitotoan	m o	268	135	Huber2021	C V
1323	WitotoNipode	at	mo	mo	m o	None	Huitotoan	m o	268	135	Huber2021	C V
2604	Bora	at	-βɯ	-βɯ	β ɯ	None	Boran	β ɯ	239	131	Seifart2024	C V
2605	Muinane	at	-βɨ	-βɨ	β ɨ	None	Boran	β ɨ	239	131	Seifart2024	C V
2603	Proto-Bora-Muinane	at	-βɨ	-βɨ	β ɨ	None	Boran	β ɨ	239	131	Seifart2024	C V
2736	AchuarShiwiar	at	-num	-num	n u m	From examples and order this is the second most used form: -nam	Chicham	n u m	235	130	Fast2008	C V C
3544	Shuar	at	-nam	-nam	n a m	With consonant-ending nouns	Chicham	n a m	235	130	Pellizzaro2005	C V C
4241	Wampis	at	-num / nam / -i	-num	n u m	locative postposition -num / nam /- i	Chicham	n u m	235	130	Peña2023	C V C
333	Ocaina	back (person's)	hɯɯʔxo	hɯɯʔxo	h ɯː ʔ + x o	back-CLF:INHER	Huitotoan	h ɯː ʔ - + x o	522	167 108	Huber2021	C V C + C V
761	WitotoMinica	back (person's)	heráɯkɯ	heráɯkɯ	h e ɾ aɯ + k ɯ	back-CLF:INHER	Huitotoan	h e ɾ aɯ + k ɯ	522	167 108	Huber2021	C V C V + C V
1188	WitotoNipode	back (person's)	heráɯkɯ	heráɯkɯ	h e ɾ aɯ + k ɯ	back-CLF:INHER	Huitotoan	h e ɾ aɯ + k ɯ	522	167 108	Huber2021	C V C V + C V
3216	Coeruna	back (person's)	coamoho	coamoho	oa m o ʔ o	Martius: dorsum	Huitotoan	oa m o ʔ o	511	166	Martius1867	V C V C V
760	WitotoMinica	back (person's)	emódo	emódo	e m o d o	None	Huitotoan	e m o d o	511	166	Huber2021	V C V C V
978	WitotoMurui	back (person's)	emodo	emodo	e m o d o	None	Huitotoan	e m o d o	511	166	Huber2021	V C V C V
2737	AchuarShiwiar	back (person's)	tuntúp	tuntúp	t u n t u p	None	Chicham	t u n t u p	385	149	Fast2008	C V C C V C
1387	Aguaruna	back (person's)	tuntup	tuntup	t ʊ n t ʊ p	None	Chicham	t ʊ n t ʊ p	385	149	Johansson2021	C V C C V C
3546	Shuar	back (person's)	tuntupe	tuntupe	t u n t u p.ɨ	None	Chicham	t u n t u p.ɨ	385	149	Pellizzaro2005	C V C C V C
4140	Wampis	back (person's)	tuntup	tuntup	t u n t u p	None	Chicham	t u n t u p	385	149	Peña2023	C V C C V C
2438	Bora	bad (deleterious or unsuitable)	ími-tʰʲɯ́-ne	ími-tʰʲɯ́-ne	i m i + tʰʲ ɯ + n ɛ	None	Boran	i m i + tʰʲ ɯ + n ɛ	662	184 185 186	Seifart2024	V C V + C V + C V
2439	Muinane	bad (deleterious or unsuitable)	ími-tɨ-no	ími-tɨ-no	i m i + t ɨ + n o	None	Boran	i m i + t ɨ + n o	662	184 185 186	Seifart2024	V C V + C V + C V
2437	Proto-Bora-Muinane	bad (deleterious or unsuitable)	imi-tɨ-no	imi-tɨ-no	i m i + t ɨ + n o	good-NEG-INAN	Boran	i m i + t ɨ + n o	662	184 185 186	Seifart2024	V C V + C V + C V
849	WitotoMinica	bark	igóraɯ	igóraɯ	i + g o ɾ aɯ	None	Huitotoan	i + g o ɾ aɯ	3463	765 230	Huber2021	V + C V C V
1064	WitotoMurui	bark	igoraɯ	igoraɯ	i + g o r aɯ	None	Huitotoan	i + g o r aɯ	3463	765 230	Huber2021	V + C V C V
1270	WitotoNipode	bark	igóraɯ	igóraɯ	i + g o ɾ aɯ	None	Huitotoan	i + g o ɾ aɯ	3463	765 230	Huber2021	V + C V C V
2739	AchuarShiwiar	bark	sáap	sáap	s aː p	None	Chicham	s aː p -	936	216	Fast2008	C V C
1389	Aguaruna	bark	saɨpɨ	saɨpɨ	s ə.ɨ p ɨ	None	Chicham	s ə.ɨ p ɨ	936	216	Johansson2021	C V C V
3548	Shuar	bark	saep	saep	s a.ɨ p	None	Chicham	s a.ɨ p -	936	216	Pellizzaro2005	C V C
4113	Wampis	bark	saepe	saepe	s a.ɨ p ɨ	possessed	Chicham	s a.ɨ p ɨ	936	216	Peña2023	C V C V
4841	AchuarShiwiar	because	a-sa-	a-sa-	a + s a	None	Chicham	a + s a	3512	829 250	Kohlberger2020	V + C V
4839	Aguaruna	because	asa-	asa-	a + s a	None	Chicham	a + s a	3512	829 250	Overall2007	V + C V
4840	Shuar	because	a-sa-	a-sa-	a + s a	None	Chicham	a + s a	3512	829 250	Saad2014	V + C V
4250	Wampis	because	-sa	asa	a + s a	a copula with the subordinator -sa (or other subordinators) is used	Chicham	a + s a	3512	829 250	Peña2023	V + C V
1528	Arabela	belly	saɾaka	saɾaka	s a ɾ a k a	None	Zaparoan	s a ɾ a k a	1266	264	Johansson2021	C V C V C V
11	Iquito	belly	tanaka	tanaka	t a n a k a	belly	Zaparoan	t a n a k a	1266	264	Michael2022	C V C V C V
4664	Zaparo	belly	tawaka	tawaka	t a w a k a	None	Zaparoan	t a w a k a	1266	264	Beier2014	C V C V C V
757	WitotoMinica	belly	hébe	hébe	h e b e	None	Huitotoan	h e b e	1342	274	Huber2021	C V C V
976	WitotoMurui	belly	hébe	hébe	h e b e	None	Huitotoan	h e b e	1342	274	Huber2021	C V C V
1186	WitotoNipode	belly	hébe	hébe	h e b e	None	Huitotoan	h e b e	1342	274	Huber2021	C V C V
4842	AchuarShiwiar	belly	tantán	tantán	t a n t a n	None	Chicham	t a n t a n	1234	258	Fast2008	C V C C V C
1391	Aguaruna	belly	tantan	tantan	t a n t a n	None	Chicham	t a n t a n	1234	258	Johansson2021	C V C C V C
3549	Shuar	belly	tantán	tantán	t a n t a n	None	Chicham	t a n t a n	1234	258	Pellizzaro2005	C V C C V C
4137	Wampis	belly	tantan	tantan	t a n t a n	None	Chicham	t a n t a n	1234	258	Peña2023	C V C C V C
2740	AchuarShiwiar	belly	wáke	wáke	w a k ɨ	Seems that this word is better suited for 'stomach'.	Chicham	w a k ɨ	1224	257	Fast2008	C V C V
4844	Aguaruna	belly	wakɨ	wakɨ	w a k ɨ	None	Chicham	w a k ɨ	1224	257	Overall2007	C V C V
4843	Shuar	belly	wake	wake	w a k ɨ	'Belly'	Chicham	w a k ɨ	1224	257	Pellizzaro2005	C V C V
4845	Wampis	belly	wakɨ	wakɨ	w a k ɨ	'Stomach'	Chicham	w a k ɨ	1224	257	Peña2015	C V C V
831	WitotoMinica	big	áiʤue	áiʤue	ai dʒ u + e	None	Huitotoan	ai dʒ u + e	1717	328 1421	Huber2021	V C V + V
1048	WitotoMurui	big	aiʤue	aiʤue	ai dʒ u + e	big-CLF:G	Huitotoan	ai dʒ u + e	1717	328 1421	Huber2021	V C V + V
1254	WitotoNipode	big	áiʤue	áiʤue	ai dʒ u + e	None	Huitotoan	ai dʒ u + e	1717	328 1421	Huber2021	V C V + V
2741	AchuarShiwiar	big	juun	juun	h uː n	In other examples the main form appears, but this form has no other appearance: juunt	Chicham	h uː n	1560	306	Fast2008	C V C
1392	Aguaruna	big	muun	muun	m ʊː n	None	Chicham	m ʊː n	1560	306	Johansson2021	C V C
3550	Shuar	big	úunt	úunt	uː n.t	None	Chicham	- uː n.t	1560	306	Pellizzaro2005	V C
4082	Wampis	big	uun	uun	uː n	None	Chicham	- uː n	1560	306	Peña2023	V C
2429	Bora	big	mitʰʲa-ne	mitʰʲa-ne	m i tʰʲ a + n ɛ	None	Boran	m i tʰʲ a + n ɛ	1582	309 310	Seifart2024	C V C V + C V
2430	Muinane	big	mítʲa-no	mítʲa-no	m i tʲ a + n o	None	Boran	m i tʲ a + n o	1582	309 310	Seifart2024	C V C V + C V
2427	Proto-Bora-Muinane	big	mita-no	mita-no	m i t a + n o	None	Boran	m i t a + n o	1582	309 310	Seifart2024	C V C V + C V
2742	AchuarShiwiar	bird	nanámtin	nanámtin	n a n a m t i n	None	Chicham	n a n a m t i n	1826	347	Fast2008	C V C V C C V C
3551	Shuar	bird	nanamtin	nanamtin	n a n a m t i n	None	Chicham	n a n a m t i n	1826	347	Pellizzaro2005	C V C V C C V C
4102	Wampis	bird	nanamtin	nanamtin	n a n a m t i n	None	Chicham	n a n a m t i n	1826	347	Peña2023	C V C V C C V C
4848	Aguaruna	bird	tʃíŋki	tʃíŋki	tʃ i ŋ k i	None	Chicham	tʃ i ŋ k i	3514	830	Overall2007	C V C C V
4846	Shuar	bird	chiŋki	chiŋki	tʃ i ŋ k i	None	Chicham	tʃ i ŋ k i	3514	830	Saad2014	C V C C V
4847	Wampis	bird	t͡ʃinki	t͡ʃinki	tʃ i n k i	None	Chicham	tʃ i n k i	3514	830	Peña2015	C V C C V
837	WitotoMinica	black	hítɯrede	hítɯrede	h i t ɯ + ɾ e + d e	None	Huitotoan	h i t ɯ + ɾ e + d e	2263	405 1426 1427	Huber2021	C V C V + C V + C V
1053	WitotoMurui	black	hitɯrede	hitɯrede	h i t ɯ + r e + d e	black-ATT-LK.3	Huitotoan	h i t ɯ + r e + d e	2263	405 1426 1427	Huber2021	C V C V + C V + C V
1259	WitotoNipode	black	híɗɯrede	híɗɯrede	h i ɗ ɯ + ɾ e + d e	None	Huitotoan	h i ɗ ɯ + ɾ e + d e	2263	405 1426 1427	Huber2021	C V C V + C V + C V
1395	Aguaruna	black	bukusɨa	bukusɨa	b ʊ k ʊ s ɨ.a	None	Chicham	b ʊ k ʊ s ɨ.a	2070	381	Johansson2021	C V C V C V
3553	Shuar	black	mukusa	mukusa	m u k u s a	None	Chicham	m u k u s a	2070	381	Pellizzaro2005	C V C V C V
4219	Wampis	black	mukusa	mukusa	m u k u s a	None	Chicham	m u k u s a	2070	381	Peña2023	C V C V C V
1533	Arabela	blood	nanaka	nanaka	n a n a k a	None	Zaparoan	n a n a k a	2382	423	Johansson2021	C V C V C V
16	Iquito	blood	májaaka	májaaka	m a h aː k a	blood	Zaparoan	m a h aː k a	2382	423	Michael2022	C V C V C V
4669	Zaparo	blood	nanaka	nanaka	n a n a k a	None	Zaparoan	n a n a k a	2382	423	Beier2014	C V C V C V
767	WitotoMinica	blood	dɯ́e	dɯ́e	d ɯ + e	None	Huitotoan	d ɯ + e	2391	424 2240	Huber2021	C V + V
984	WitotoMurui	blood	dɯe	dɯe	d ɯ + e	According to Wotjylak (2017), seems to be a Tucanoan borrowing (dii).	Huitotoan	d ɯ + e	2391	424 2240	Huber2021	C V + V
1193	WitotoNipode	blood	dɯ́e	dɯ́e	d ɯ + e	None	Huitotoan	d ɯ + e	2391	424 2240	Huber2021	C V + V
2745	AchuarShiwiar	blood	númpa	númpa	n u m p a	None	Chicham	n u m p a	2374	422	Fast2008	C V C C V
1396	Aguaruna	blood	numpa	numpa	n ʊ m p a	None	Chicham	n ʊ m p a	2374	422	Johansson2021	C V C C V
3554	Shuar	blood	numpa	numpa	n u m p a	None	Chicham	n u m p a	2374	422	Pellizzaro2005	C V C C V
4119	Wampis	blood	numpa	numpa	n u m p a	None	Chicham	n u m p a	2374	422	Peña2023	C V C C V
1536	Arabela	bone	nukw	nukw	n u k u	None	Zaparoan	n u k u	2737	468	Johansson2021	C V C V
19	Iquito	bone	niiki	niiki	n iː k i	bone	Zaparoan	n iː k i	2737	468	Michael2022	C V C V
3336	MiranhaCarapana-Tapuya	bone	nackóo	nackóo	n a k o.o	Martius: os, ossis	Huitotoan	n a k o.o	2737	468	Martius1867	C V C V
4670	Zaparo	bone	uku	uku	u k u	None	Zaparoan	- u k u	2737	468	Beier2014	V C V
2747	AchuarShiwiar	bone	kúnch	ukúnch	u k u n tʃ	Phonological alternation: kúnch	Chicham	u k u n tʃ	2735	467	Fast2008	V C V C C
1399	Aguaruna	bone	ukuntʃ	ukuntʃ	ʊ k ʊ n tʃ	None	Chicham	ʊ k ʊ n tʃ	2735	467	Johansson2021	V C V C C
3556	Shuar	bone	ukunch’	ukunch’	u k u n tʃˀ	None	Chicham	u k u n tʃˀ	2735	467	Pellizzaro2005	V C V C C
4120	Wampis	bone	ukunch	ukunch	u k u n tʃ	None	Chicham	u k u n tʃ	2735	467	Peña2023	V C V C C
2299	Bora	bone	páhkʰɯɯ́	páhkʰɯɯ́	p a h kʰ ɯ.ɯ	None	Boran	p a h kʰ ɯ.ɯ	2747	469	Seifart2024	C V C C V
2300	Muinane	bone	bákkɨ	bákkɨ	b a k k ɨ	None	Boran	b a k k ɨ	2747	469	Seifart2024	C V C C V
2298	Proto-Bora-Muinane	bone	bakkɨ	bakkɨ	b a k k ɨ	None	Boran	b a k k ɨ	2747	469	Seifart2024	C V C C V
2750	AchuarShiwiar	child (young person rather than as relationship term)	úchi	úchi	u tʃ i	None	Chicham	u tʃ i	2959	502	Fast2008	V C V
4850	Aguaruna	child (young person rather than as relationship term)	utʃi	utʃi	u tʃ i	None	Chicham	u tʃ i	2959	502	Overall2007	V C V
3559	Shuar	child (young person rather than as relationship term)	uchi	uchi	u tʃ i	None	Chicham	u tʃ i	2959	502	Pellizzaro2005	V C V
4095	Wampis	child (young person rather than as relationship term)	uchi	uchi	u tʃ i	None	Chicham	u tʃ i	2959	502	Peña2023	V C V
838	WitotoMinica	cloud	úiʤɯe	úiʤɯe	ui dʒ ɯ + e	None	Huitotoan	ui dʒ ɯ + e	3179	534 2250	Huber2021	V C V + V
1054	WitotoMurui	cloud	uiʤɯe	uiʤɯe	ui dʒ ɯ + e	cloud-CLF:G	Huitotoan	ui dʒ ɯ + e	3179	534 2250	Huber2021	V C V + V
1260	WitotoNipode	cloud	úiʤɯe	úiʤɯe	ui dʒ ɯ + e	None	Huitotoan	ui dʒ ɯ + e	3179	534 2250	Huber2021	V C V + V
1401	Aguaruna	cloud	juhagkim	juhagkim	j ʊ h a ŋ k i m	None	Chicham	j ʊ h a ŋ k i m	3092	523	Johansson2021	C V C V C C V C
3560	Shuar	cloud	yuránkim	yuránkim	j u ɾ a ŋ k i m	None	Chicham	j u ɾ a ŋ k i m	3092	523	Pellizzaro2005	C V C V C C V C
4205	Wampis	cloud	yurankim	yurankim	j u r a n k i m	None	Chicham	j u r a n k i m	3092	523	Peña2023	C V C V C C V C
2752	AchuarShiwiar	cold (of weather)	tsetsék	tsetsék	ts ɨ ts ɨ k	None	Chicham	ts ɨ ts ɨ k	3261	546	Fast2008	C V C V C
4849	Aguaruna	cold (of weather)	tsetsék	tsetsék	ts ɨ ts ɨ k	None	Chicham	ts ɨ ts ɨ k	3261	546	Paati2020	C V C V C
4851	Shuar	cold (of weather)	tsetsek	tsetsek	ts ɨ ts ɨ k	None	Chicham	ts ɨ ts ɨ k	3261	546	Pellizzaro2005	C V C V C
4223	Wampis	cold (of weather)	tsetsek	tsetsek	ts ɨ ts ɨ k	None	Chicham	ts ɨ ts ɨ k	3261	546	Peña2023	C V C V C
372	Ocaina	day (opposite of night rather than time measure)	mooɲ̥a	mooɲ̥a	m oː ɲ̥ a	None	Huitotoan	m oː ɲ̥ a	3312	562	Huber2021	C V C V
788	WitotoMinica	day (opposite of night rather than time measure)	móna	móna	m o n a	None	Huitotoan	m o n a	3312	562	Huber2021	C V C V
1211	WitotoNipode	day (opposite of night rather than time measure)	móna	móna	m o n a	None	Huitotoan	m o n a	3312	562	Huber2021	C V C V
1404	Aguaruna	day (opposite of night rather than time measure)	tsawan	tsawan	ts a w a n	None	Chicham	ts a w a n	3302	553	Johansson2021	C V C V C
4801	Shuar	day (opposite of night rather than time measure)	tsawant	tsawant	ts a w a n.t	None	Chicham	ts a w a n.t	3302	553	Pellizzaro2005	C V C V C
4221	Wampis	day (opposite of night rather than time measure)	tsawan	tsawan	ts a w a n	None	Chicham	ts a w a n	3302	553	Peña2023	C V C V C
2350	Bora	day (opposite of night rather than time measure)	kʰóóhɨɨ́	kʰóóhɨɨ́	kʰ o o h ɨ.ɨ	None	Boran	kʰ o o h ɨ.ɨ	3306	556	Seifart2024	C V V C V
2351	Muinane	day (opposite of night rather than time measure)	kúuhe	kúuhe	k u u h e	None	Boran	k u u h e	3306	556	Seifart2024	C V V C V
2349	Proto-Bora-Muinane	day (opposite of night rather than time measure)	kuuhe	kuuhe	k u u h e	None	Boran	k u u h e	3306	556	Seifart2024	C V V C V
378	Ocaina	dog	hõʔxo	hõʔxo	h o.ʔ x o	None	Huitotoan	h o.ʔ x o	3357	629	Huber2021	C V C V
794	WitotoMinica	dog	hɯ́ko	hɯ́ko	h ɯ k o	None	Huitotoan	h ɯ k o	3357	629	Huber2021	C V C V
1012	WitotoMurui	dog	hɯko	hɯko	h ɯ k o	None	Huitotoan	h ɯ k o	3357	629	Huber2021	C V C V
1216	WitotoNipode	dog	hɯ́ko	hɯ́ko	h ɯ k o	None	Huitotoan	h ɯ k o	3357	629	Huber2021	C V C V
2760	AchuarShiwiar	dog	yãwá̃ã	yãwá̃ã	j a w aː	None	Chicham	j a w aː	3345	616	Fast2008	C V C V
1407	Aguaruna	dog	jawa	jawa	j a w a	None	Chicham	j a w a	3345	616	Johansson2021	C V C V
4103	Wampis	dog	yawaa	yawaa	j a w aː	There is no phonological long wovels in Wampis	Chicham	j a w aː	3345	616	Peña2023	C V C V
3295	Pebas	dog	nemey	nemey	n e m e j	Martius: canis	Peba-Yagua	n e - m e j	3360	631	Martius1867	C V C V C
4253	Yagua	dog	nibi	nibi	n i b i	None	Peba-Yagua	n i - b i -	3360	631	Gonzales2023	C V C V
3821	Yameo	dog	niamĭ́	niamĭ́	n i a m i ∼	Tessmann: Hund	Peba-Yagua	n i a m i ∼	3360	631	Tessmann1930	C V V C V C
882	WitotoMinica	dry (substance)	θaɸérede	θaɸérede	θ a ɸ e + ɾ e + d e	None	Huitotoan	θ a ɸ e + ɾ e + d e	3388	666 1447 1448	Huber2021	C V C V + C V + C V
1095	WitotoMurui	dry (substance)	θaɸerede	θaɸerede	θ a ɸ e + r e + d e	None	Huitotoan	θ a ɸ e + r e + d e	3388	666 1447 1448	Huber2021	C V C V + C V + C V
1301	WitotoNipode	dry (substance)	tapérede	tapérede	t a p e + ɾ e + d e	None	Huitotoan	t a p e + ɾ e + d e	3388	666 1447 1448	Huber2021	C V C V + C V + C V
928	WitotoMinica	dull (knife)	háinide	háinide	h ai + n i + d e	None	Huitotoan	h ai + n i + d e	3403	687 1449 1450	Huber2021	C V + C V + C V
1135	WitotoMurui	dull (knife)	hainide	hainide	h ai + n i + d e	sharp-NEG.ATT-LK.3	Huitotoan	h ai + n i + d e	3403	687 1449 1450	Huber2021	C V + C V + C V
1340	WitotoNipode	dull (knife)	háinide	háinide	h ai + n i + d e	None	Huitotoan	h ai + n i + d e	3403	687 1449 1450	Huber2021	C V + C V + C V
2628	Bora	dull (knife)	ʦʰɯ́ʔhɨ́-βa-tʰɯ́-ne	ʦʰɯ́ʔhɨ́-βa-tʰɯ́-ne	tsʰ ɯ.ʔ h ɨ + β a + tʰ ɯ + n ɛ	None	Boran	tsʰ ɯ.ʔ h ɨ + β a + tʰ ɯ + n ɛ	3395	676 677 678 679	Seifart2024	C V C V + C V + C V + C V
2629	Muinane	dull (knife)	sɨ́ɨ́he-βa-tɨ-no	sɨ́ɨ́he-βa-tɨ-no	s ɨ.ɨ h e + β a + t ɨ + n o	None	Boran	s ɨ.ɨ h e + β a + t ɨ + n o	3395	676 677 678 679	Seifart2024	C V C V + C V + C V + C V
2627	Proto-Bora-Muinane	dull (knife)	ʦɨɨʔhe-βa-tɨ-no	ʦɨɨʔhe-βa-tɨ-no	ts ɨ.ɨ.ʔ h e + β a + t ɨ + n o	None	Boran	ts ɨ.ɨ.ʔ h e + β a + t ɨ + n o	3395	676 677 678 679	Seifart2024	C V C V + C V + C V + C V
2708	Bora	dust	ʧíhʲɯɯ́	ʧíhʲɯɯ́	tʃ i hʲ ɯ.ɯ	None	Boran	tʃ i hʲ ɯ.ɯ	3413	704	Seifart2024	C V C V
2709	Muinane	dust	gíihɨ	gíihɨ	g i h ɨ	None	Boran	g i h ɨ	3413	704	Seifart2024	C V C V
2707	Proto-Bora-Muinane	dust	-giihɨ	-giihɨ	g i.i h ɨ	None	Boran	g i.i h ɨ	3413	704	Seifart2024	C V C V
751	WitotoMinica	ear	héɸo	héɸo	h e ɸ o	None	Huitotoan	h e ɸ o	3454	750	Huber2021	C V C V
973	WitotoMurui	ear	heɸo	heɸo	h e ɸ o	None	Huitotoan	h e ɸ o	3454	750	Huber2021	C V C V
1183	WitotoNipode	ear	hépo	hépo	h e p o	None	Huitotoan	h e p o	3454	750	Huber2021	C V C V
2765	AchuarShiwiar	ear	kuwísh	kuwísh	k u w i ʃ	None	Chicham	k u w i ʃ	3431	727	Fast2008	C V C V C
1411	Aguaruna	ear	kuwiʃ	kuwiʃ	k ʊ w i ʃ	None	Chicham	k ʊ w i ʃ	3431	727	Johansson2021	C V C V C
3571	Shuar	ear	kuish’	kuish’	k u i ʃˀ	None	Chicham	k u - i ʃˀ	3431	727	Pellizzaro2005	C V V C
4127	Wampis	ear	kuish	kuish	k u i ʃ	None	Chicham	k u - i ʃ	3431	727	Peña2023	C V V C
2766	AchuarShiwiar	earth (soil)	núngka	núngka	n u ŋ k a	None	Chicham	n u ŋ k a	3466	771	Fast2008	C V C C V
1412	Aguaruna	earth (soil)	nugka	nugka	n ʊ ŋ k a	None	Chicham	n ʊ ŋ k a	3466	771	Johansson2021	C V C C V
3572	Shuar	earth (soil)	nunka	nunka	n u ŋ k a	None	Chicham	n u ŋ k a	3466	771	Pellizzaro2005	C V C C V
4204	Wampis	earth (soil)	nunka	nunka	n u n k a	None	Chicham	n u n k a	3466	771	Peña2023	C V C C V
2356	Bora	earth (soil)	ííɲɯhɨ	ííɲɯhɨ	i.i ɲ ɯ + h ɨ	None	Boran	- i.i ɲ ɯ + h ɨ	3468	773 779	Seifart2024	V C V + C V
2357	Muinane	earth (soil)	híínɨ-he	híínɨ-he	h i.i n ɨ + h e	None	Boran	h i.i n ɨ + h e	3468	773 779	Seifart2024	C V C V + C V
2355	Proto-Bora-Muinane	earth (soil)	hiinɨ-he	hiinɨ-he	h i.i n ɨ + h e	None	Boran	h i.i n ɨ + h e	3468	773 779	Seifart2024	C V C V + C V
2932	Andoa	egg	nodíko	nodíko	n o d i k o	None	Zaparoan	n o d i k o	3490	801	Michael2009	C V C V C V
1551	Arabela	egg	ɾiuɾiukwiu	ɾiuɾiukwiu	ɾ iu ɾ iu k iu	None	Zaparoan	ɾ iu ɾ iu k iu	3490	801	Johansson2021	C V C V C V
39	Iquito	egg	naaki	naaki	n aː k i	egg	Zaparoan	n - - aː k i	3490	801	Michael2022	C V C V
4682	Zaparo	egg	iku	iku	i k u	None	Zaparoan	- - - i k u	3490	801	Beier2014	V C V
852	WitotoMinica	egg	hɯ́gɯ	hɯ́gɯ	h ɯ + g ɯ	None	Huitotoan	h ɯ + g ɯ	3503	819 1453	Huber2021	C V + C V
1067	WitotoMurui	egg	hɯgɯ	hɯgɯ	h ɯ + g ɯ	egg-CLF:OVAL	Huitotoan	h ɯ + g ɯ	3503	819 1453	Huber2021	C V + C V
1273	WitotoNipode	egg	hɯ́gɯ	hɯ́gɯ	h ɯ + g ɯ	None	Huitotoan	h ɯ + g ɯ	3503	819 1453	Huber2021	C V + C V
2768	AchuarShiwiar	egg	nujín	nujín	n u h i n	Phonological alternation: nujínt	Chicham	n u h i n	3489	800	Fast2008	C V C V C
1414	Aguaruna	egg	nuhin	nuhin	n ʊ h i n	None	Chicham	n ʊ h i n	3489	800	Johansson2021	C V C V C
3574	Shuar	egg	nujint	nujint	n u h i n.t	None	Chicham	n u h i n.t	3489	800	Pellizzaro2005	C V C V C
4122	Wampis	egg	nujin	nujin	n u h i n	None	Chicham	n u h i n	3489	800	Peña2023	C V C V C
2933	Andoa	eye	namíjya	namíjya	n a m i h.j a	None	Zaparoan	n a m i h.j a	3517	834	Michael2009	C V C V C V
1552	Arabela	eye	namij̃ia	namij̃ia	n a m i h.i a	None	Zaparoan	n a m i h.i a	3517	834	Johansson2021	C V C V C V
40	Iquito	eye	namija	namija	n a m i h a	eye	Zaparoan	n a m i h a	3517	834	Michael2022	C V C V C V
4683	Zaparo	eye	namihya	namihya	n a m i hʲ a	None	Zaparoan	n a m i hʲ a	3517	834	Beier2014	C V C V C V
328	Ocaina	eye	ohɯ́ɯ́	ohɯ́ɯ́	o h ɯː	None	Huitotoan	o h ɯː	3538	855	Huber2021	V C V
750	WitotoMinica	eye	uíhɯ	uíhɯ	u.i h ɯ	None	Huitotoan	u.i h ɯ	3538	855	Huber2021	V C V
972	WitotoMurui	eye	uiθɯ	uiθɯ	u.i θ ɯ	None	Huitotoan	u.i θ ɯ	3538	855	Huber2021	V C V
1182	WitotoNipode	eye	uíhɯ	uíhɯ	u.i h ɯ	None	Huitotoan	u.i h ɯ	3538	855	Huber2021	V C V
2769	AchuarShiwiar	eye	jĩĩ	jĩĩ	h iː	None	Chicham	h iː	3516	833	Fast2008	C V
1415	Aguaruna	eye	hii	hii	h iː	None	Chicham	h iː	3516	833	Johansson2021	C V
3575	Shuar	eye	ji̠	ji̠	h i	None	Chicham	h i	3516	833	Pellizzaro2005	C V
4128	Wampis	eye	jii	jii	h iː	None	Chicham	h iː	3516	833	Peña2023	C V
2278	Bora	eye	ʔáʧɯ-ɯ	ʔáʧɯ-ɯ	ʔ a tʃ ɯ + ɯ	above-CLF:ROUND	Boran	ʔ a tʃ ɯ + ɯ	3519	835 836	Seifart2024	C V C V + V
2279	Muinane	eye	ááʤɨ-ɨ	ááʤɨ-ɨ	a.a dʒ ɨ + ɨ	None	Boran	- a.a dʒ ɨ + ɨ	3519	835 836	Seifart2024	V C V + V
2277	Proto-Bora-Muinane	eye	aʤɨ-ɨ	aʤɨ-ɨ	a dʒ ɨ + ɨ	None	Boran	- a dʒ ɨ + ɨ	3519	835 836	Seifart2024	V C V + V
1926	Muniche	far	tihna	tihna	t i h n a	None	Isolate	t i h n a	3559	882	Johansson2021	C V C C V
3577	Shuar	far	yajá	yajá	j a h a	None	Chicham	j a h - a	3559	882	Pellizzaro2005	C V C V
224	Ticuna	far	yȁʼnà	yȁʼnà	dʑ a ʔ n a	far away	Ticuna-Yuri	dʑ a ʔ n a	3559	882	Bertet2020	C V C C V
4238	Wampis	far	yaja	yaja	j a h a	None	Chicham	j a h - a	3559	882	Peña2023	C V C V
920	WitotoMinica	far	are	are	a ɾ e	None	Huitotoan	a ɾ e	3568	890	Huber2021	V C V
1128	WitotoMurui	far	are	are	a r e	None	Huitotoan	a r e	3568	890	Huber2021	V C V
1332	WitotoNipode	far	are	are	a ɾ e	None	Huitotoan	a ɾ e	3568	890	Huber2021	V C V
2481	Bora	fat (organic substance)	tɯ́ɯ́rɯ-pa	tɯ́ɯ́rɯ-pa	t ɯ.ɯ ɾ ɯ + p a	None	Boran	t ɯ.ɯ ɾ ɯ + p a	3580	905 906	Seifart2024	C V C V + C V
2482	Muinane	fat (organic substance)	dɨ́ɨrɨ-ba	dɨ́ɨrɨ-ba	d ɨ.ɨ r ɨ + b a	None	Boran	d ɨ.ɨ r ɨ + b a	3580	905 906	Seifart2024	C V C V + C V
2480	Proto-Bora-Muinane	fat (organic substance)	dɨɨrɨ-ba	dɨɨrɨ-ba	d ɨ.ɨ r ɨ + b a	None	Boran	d ɨ.ɨ r ɨ + b a	3580	905 906	Seifart2024	C V C V + C V
3578	Shuar	father	apa̠	apa̠	a p a	None	Chicham	- a p a	3605	933	Pellizzaro2005	V C V
226	Ticuna	father	pāpa̋	pāpa̋	p a p a	dad	Ticuna-Yuri	p a p a	3605	933	Bertet2020	C V C V
4099	Wampis	father	apa	apa	a p a	None	Chicham	- a p a	3605	933	Peña2023	V C V
346	Ocaina	father	mõõ	mõõ	m oː	None	Huitotoan	m oː	3601	930	Huber2021	C V
772	WitotoMinica	father	móo	móo	m oː	None	Huitotoan	m oː	3601	930	Huber2021	C V
990	WitotoMurui	father	moo	moo	m oː	None	Huitotoan	m oː	3601	930	Huber2021	C V
1198	WitotoNipode	father	móo	móo	m oː	None	Huitotoan	m oː	3601	930	Huber2021	C V
2319	Bora	father	kʰaani	kʰaani	kʰ a.a n i	None	Boran	kʰ a.a n i	3613	939	Seifart2024	C V C V
2321	Muinane	father	kááni	kááni	k a.a n i	None	Boran	k a.a n i	3613	939	Seifart2024	C V C V
2317	Proto-Bora-Muinane	father	kaani	kaani	k a.a n i	None	Boran	k a.a n i	3613	939	Seifart2024	C V C V
2935	Andoa	feather (larger feathers rather than down)	kajáso	kajáso	k a h a + s o	None	Zaparoan	k a h a + s o	3627	954 57	Michael2009	C V C V + C V
1555	Arabela	feather (larger feathers rather than down)	kaj̃asu	kaj̃asu	k a h a + s u	None	Zaparoan	k a h a + s u	3627	954 57	Johansson2021	C V C V + C V
46	Iquito	feather (larger feathers rather than down)	kajasi	kajasi	k a h a + s i	feather	Zaparoan	k a h a + s i	3627	954 57	Michael2022	C V C V + C V
811	WitotoMinica	feather (larger feathers rather than down)	óogodo	óogodo	oː g o + d o	None	Huitotoan	oː g o + d o	3642	971 2324	Huber2021	V C V + C V
1029	WitotoMurui	feather (larger feathers rather than down)	oogodo	oogodo	oː g o + d o	/-do/ CLF:SMALL.POINTED	Huitotoan	oː g o + d o	3642	971 2324	Huber2021	V C V + C V
1236	WitotoNipode	feather (larger feathers rather than down)	óogodo	óogodo	oː g o + d o	None	Huitotoan	oː g o + d o	3642	971 2324	Huber2021	V C V + C V
2775	AchuarShiwiar	feather (larger feathers rather than down)	úre	úre	u r ɨ	None	Chicham	- u r ɨ	3625	953	Fast2008	V C V
1418	Aguaruna	feather (larger feathers rather than down)	uhɨ	uhɨ	ʊ h ɨ	None	Chicham	- ʊ h ɨ	3625	953	Johansson2021	V C V
1685	Candoshi-Shapra	feather (larger feathers rather than down)	poɾo	poɾo	p o ɾ o	None	Isolate	p o ɾ o	3625	953	Johansson2021	C V C V
4124	Wampis	feather (larger feathers rather than down)	ure	ure	u r ɨ	None	Chicham	- u r ɨ	3625	953	Peña2023	V C V
2487	Bora	feather (larger feathers rather than down)	ɨ́ʔhɨne	ɨ́ʔhɨne	ɨ.ʔ + h ɨ + n ɛ	None	Boran	ɨ.ʔ + h ɨ + n ɛ	3636	964 955 965	Seifart2024	V + C V + C V
2488	Muinane	feather (larger feathers rather than down)	íhéene	íhéene	i + h e.e + n e	None	Boran	i + h e.e + n e	3636	964 955 965	Seifart2024	V + C V + C V
2486	Proto-Bora-Muinane	feather (larger feathers rather than down)	i-hee-no	i-hee-no	i + h e.e + n o	None	Boran	i + h e.e + n o	3636	964 955 965	Seifart2024	V + C V + C V
2335	Bora	fire	kʰɯ́ɯ́hɯ-kʷa	kʰɯ́ɯ́hɯ-kʷa	kʰ ɯ.ɯ h ɯ + kʷ a	None	Boran	kʰ ɯ.ɯ h ɯ + kʷ a	23	1022 1023	Seifart2024	C V C V + C V
2336	Muinane	fire	kɨ́ɨhɨ-gai	kɨ́ɨhɨ-gai	k ɨ.ɨ h ɨ + g a.i	None	Boran	k ɨ.ɨ h ɨ + g a.i	23	1022 1023	Seifart2024	C V C V + C V
2334	Proto-Bora-Muinane	fire	kɨɨhɨ-gai	kɨɨhɨ-gai	k ɨ.ɨ h ɨ + g a.i	None	Boran	k ɨ.ɨ h ɨ + g a.i	23	1022 1023	Seifart2024	C V C V + C V
2778	AchuarShiwiar	fire	ji	ji	h i	None	Chicham	h i	18	1019	Fast2008	C V
3101	Juri	fire	ji	ji	h i	Martius: ignis	Ticuna-Yuri	h i	18	1019	Martius1867	C V
3581	Shuar	fire	ji	ji	h i	None	Chicham	h i	18	1019	Pellizzaro2005	C V
4210	Wampis	fire	jii	jii	h iː	None	Chicham	h iː	18	1019	Peña2023	C V
2779	AchuarShiwiar	fish	namák	namák	n a m a k	None	Chicham	n a m a k	49	1060	Fast2008	C V C V C
1421	Aguaruna	fish	namak	namak	n a m a k	None	Chicham	n a m a k	49	1060	Johansson2021	C V C V C
4803	Shuar	fish	namal	namal	n a m a k	None	Chicham	n a m a k	49	1060	Pellizzaro2005	C V C V C
4101	Wampis	fish	namak	namak	n a m a k	None	Chicham	n a m a k	49	1060	Peña2023	C V C V C
2404	Bora	five	ʦʰá-ʔohʦʰɨ́	ʦʰá-ʔohʦʰɨ́	tsʰ a + ʔ o h.tsʰ ɨ	None	Boran	tsʰ a + ʔ o h.tsʰ ɨ	73	1093 1094	Seifart2024	C V + C V C V
2405	Muinane	five	sa-ʔúse	sa-ʔúse	s a + ʔ u s e	None	Boran	s a + ʔ u s e	73	1093 1094	Seifart2024	C V + C V C V
2403	Proto-Bora-Muinane	five	sa-ʔuʦʦe	sa-ʔuʦʦe	s a + ʔ u ts.ts e	None	Boran	s a + ʔ u ts.ts e	73	1093 1094	Seifart2024	C V + C V C V
803	WitotoMinica	flower	θáɸia	θáɸia	θ a ɸ i + a	None	Huitotoan	θ a ɸ i + a	100	1129 1460	Huber2021	C V C V + V
1021	WitotoMurui	flower	θaɸia	θaɸia	θ a ɸ i + a	floursh-E.NMLZ	Huitotoan	θ a ɸ i + a	100	1129 1460	Huber2021	C V C V + V
1228	WitotoNipode	flower	tápia	tápia	t a p i + a	None	Huitotoan	t a p i + a	100	1129 1460	Huber2021	C V C V + V
2782	AchuarShiwiar	flower	yangkúr	yangkúr	j a ŋ k u r	None	Chicham	j a ŋ k u r	97	1127	Fast2008	C V C C V C
1423	Aguaruna	flower	jagkug	jagkug	j a ŋ k ʊ ŋ	None	Chicham	j a ŋ k ʊ ŋ	97	1127	Johansson2021	C V C C V C
1803	Chayahuita	flower	yanko	yanko	j a n k o	None	Cahuapanan	j a n k o -	97	1127	Johansson2021	C V C C V
3407	Shiwilu	flower	danku	danku	ð a n g u	None	Cahuapanan	ð a n g u -	97	1127	Valenzuela2012	C V C C V
3585	Shuar	flower	yankuj’	yankuj’	j a ŋ k u hˀ	None	Chicham	j a ŋ k u hˀ	97	1127	Pellizzaro2005	C V C C V C
4114	Wampis	flower	yankur	yankur	j a n k u r	None	Chicham	j a n k u r	97	1127	Peña2023	C V C C V C
898	WitotoMinica	fog	úiʤɯe	úiʤɯe	ui dʒ ɯ e	None	Huitotoan	ui dʒ ɯ e	126	1164	Huber2021	V C V V
1107	WitotoMurui	fog	uiʤɯe	uiʤɯe	ui dʒ ɯ e	None	Huitotoan	ui dʒ ɯ e	126	1164	Huber2021	V C V V
1311	WitotoNipode	fog	úɯʤɯe	úɯʤɯe	uɯ dʒ ɯ e	None	Huitotoan	uɯ dʒ ɯ e	126	1164	Huber2021	V C V V
2577	Bora	fog	ohʦʰó	ohʦʰó	h.tsʰ o	None	Boran	h.tsʰ o	121	1158	Seifart2024	C V
2578	Muinane	fog	súɨ	súɨ	s u	None	Boran	s u	121	1158	Seifart2024	C V
2576	Proto-Bora-Muinane	fog	tʦu-	tʦu-	t.ts u	None	Boran	t.ts u	121	1158	Seifart2024	C V
2784	AchuarShiwiar	fog	yurángkim	yurángkim	j u r a ŋ k i m	None	Chicham	j u r a ŋ k i m	120	1157	Fast2008	C V C V C C V C
3587	Shuar	fog	yuránkim	yuránkim	j u ɾ a ŋ k i m	None	Chicham	j u ɾ a ŋ k i m	120	1157	Pellizzaro2005	C V C V C C V C
4206	Wampis	fog	yurankim	yurankim	j u r a n k i m	None	Chicham	j u r a n k i m	120	1157	Peña2023	C V C V C C V C
58	Iquito	foot	tiitiwa	tiitiwa	t i h ia	foot (plural)	Zaparoan	- t i h ia	141	1184	Michael2022	C V C V
3912	Urarina	foot	t̪ihiá	t̪ihiá	t i h ia	None	Isolate	- t i h ia	141	1184	Peña2023	C V C V
2169	Waorani	foot	õdõwa	õdõwa	o d o w a	None	Isolate	o d o w a	141	1184	Johansson2021	V C V C V
2785	AchuarShiwiar	foot	náwẽ	náwẽ	n a w ɨ	None	Chicham	n a w ɨ	131	1175	Fast2008	C V C V
1425	Aguaruna	foot	dawɨ	dawɨ	d a w ɨ	None	Chicham	d a w ɨ	131	1175	Johansson2021	C V C V
3588	Shuar	foot	nawe	nawe	n a w ɨ	None	Chicham	n a w ɨ	131	1175	Pellizzaro2005	C V C V
4133	Wampis	foot	nawe	nawe	n a w ɨ	None	Chicham	n a w ɨ	131	1175	Peña2023	C V C V
2296	Bora	foot	htʰɯ́-ʔaá	htʰɯ́-ʔaá	h.tʰ ɯ + ʔ aː	None	Boran	h.tʰ ɯ + ʔ aː	133	1177 1178	Seifart2024	C V + C V
2297	Muinane	foot	tɨ́-ʔai	tɨ́-ʔai	t ɨ + ʔ a.i	None	Boran	t ɨ + ʔ a.i	133	1177 1178	Seifart2024	C V + C V
2295	Proto-Bora-Muinane	foot	ttɨʔaai	ttɨʔaai	t.t ɨ + ʔ aː.i	None	Boran	t.t ɨ + ʔ aː.i	133	1177 1178	Seifart2024	C V + C V
2788	AchuarShiwiar	good	péngker	péngker	p ɨ ŋ k ɨ r	None	Chicham	p ɨ ŋ k ɨ r	192	1254	Fast2008	C V C C V C
1428	Aguaruna	good	pɨgkɨg	pɨgkɨg	p ɨ ŋ k ɨ ŋ	None	Chicham	p ɨ ŋ k ɨ ŋ	192	1254	Johansson2021	C V C C V C
3592	Shuar	good	pénker	pénker	p ɨ ŋ k ɨ ɾ	None	Chicham	p ɨ ŋ k ɨ ɾ	192	1254	Pellizzaro2005	C V C C V C
4226	Wampis	good	penker	penker	p ɨ n k ɨ r	None	Chicham	p ɨ n k ɨ r	192	1254	Peña2023	C V C C V C
1565	Arabela	grass	j̃ijasokwa	j̃ijasokwa	h a s o kʷ a	None	Zaparoan	h a s o kʷ a	217	1283	Johansson2021	C V C V C V
63	Iquito	grass	iyásììka	iyásììka	j a s iː k a	None	Zaparoan	j a s iː k a	217	1283	Michael2022	C V C V C V
4695	Zaparo	grass	yawsuka	yawsuka	j au s u k a	None	Zaparoan	j au s u k a	217	1283	Beier2014	C V C V C V
2789	AchuarShiwiar	grass	nupá̃ã	nupá̃ã	n u p aː	None	Chicham	n u p aː	216	1282	Fast2008	C V C V
1429	Aguaruna	grass	dupa	dupa	d ʊ p a	None	Chicham	d ʊ p a	216	1282	Johansson2021	C V C V
4115	Wampis	grass	nupa	nupa	n u p a	None	Chicham	n u p a	216	1282	Peña2023	C V C V
2392	Bora	grass	ʦʰóhkʰómɯ-hɨ	ʦʰóhkʰómɯ-hɨ	tsʰ o h.kʰ o m ɯ + h ɨ	None	Boran	tsʰ o h.kʰ o m ɯ + h ɨ	218	1284 1285	Seifart2024	C V C V C V + C V
2393	Muinane	grass	súkkume-he	súkkume-he	s u k.k u m e + h e	None	Boran	s u k.k u m e + h e	218	1284 1285	Seifart2024	C V C V C V + C V
2391	Proto-Bora-Muinane	grass	ʦukkume-he	ʦukkume-he	ts u k.k u m e + h e	None	Boran	ts u k.k u m e + h e	218	1284 1285	Seifart2024	C V C V C V + C V
879	WitotoMinica	green	mókorede	mókorede	m o k o + ɾ e + d e	None	Huitotoan	m o k o + ɾ e + d e	259	1333 1322 1327	Huber2021	C V C V + C V + C V
1092	WitotoMurui	green	mokorede	mokorede	m o k o + r e + d e	None	Huitotoan	m o k o + r e + d e	259	1333 1322 1327	Huber2021	C V C V + C V + C V
1298	WitotoNipode	green	mókorede	mókorede	m o k o + ɾ e + d e	None	Huitotoan	m o k o + ɾ e + d e	259	1333 1322 1327	Huber2021	C V C V + C V + C V
2791	AchuarShiwiar	green	samék	samék	s a m ɨ k	light green	Chicham	s a m ɨ k	241	1315	Fast2008	C V C V C
1431	Aguaruna	green	samɨkbau	samɨkmau	s a m ɨ k	None	Chicham	s a m ɨ k	241	1315	Johansson2021	C V C V C
3594	Shuar	green	sámek	sámek	s a m ɨ k	None	Chicham	s a m ɨ k	241	1315	Pellizzaro2005	C V C V C
4216	Wampis	green	samek	samek	s a m ɨ k	None	Chicham	s a m ɨ k	241	1315	Peña2023	C V C V C
2792	AchuarShiwiar	guts	ampúj	ampúj	a m p u h	None	Chicham	a m p u h -	264	1346	Fast2008	V C C V C
4824	Aguaruna	guts	ampu	ampu	a m p u	None	Chicham	a m p u - -	264	1346	Overall2007	V C C V
3595	Shuar	guts	ámpuje	ámpuje	a m p u h ɨ	None	Chicham	a m p u h ɨ	264	1346	Pellizzaro2005	V C C V C V
4138	Wampis	guts	ampuj	ampuj	a m p u h	None	Chicham	a m p u h -	264	1346	Peña2023	V C C V C
2793	AchuarShiwiar	hair	intásh	intásh	i n t a ʃ	None	Chicham	i n t a ʃ	270	1354	Fast2008	V C C V C
1432	Aguaruna	hair	intaʃ	intaʃ	i n t a ʃ	None	Chicham	i n t a ʃ	270	1354	Johansson2021	V C C V C
3416	Shiwilu	hair	enchek	enchek	ə n dʒ ə ˀk	None	Cahuapanan	ə n dʒ ə ˀk	270	1354	Valenzuela2012	V C C V C
3596	Shuar	hair	intiash’	intiash’	i n tʲ a ʃˀ	None	Chicham	i n tʲ a ʃˀ	270	1354	Pellizzaro2005	V C C V C
4125	Wampis	hair	intash	intash	i n t a ʃ	None	Chicham	i n t a ʃ	270	1354	Peña2023	V C C V C
763	WitotoMinica	hand	ónoɯ	ónoɯ	o n o + ɯ	None	Huitotoan	o n o + ɯ	308	1395 1496	Huber2021	V C V + V
980	WitotoMurui	hand	onoɯ	onoɯ	o n o + ɯ	None	Huitotoan	o n o + ɯ	308	1395 1496	Huber2021	V C V + V
1189	WitotoNipode	hand	ónoɯ	ónoɯ	o n o + ɯ	None	Huitotoan	o n o + ɯ	308	1395 1496	Huber2021	V C V + V
2794	AchuarShiwiar	hand	ũwé̃j	ũwé̃j	u w ɨ h	None	Chicham	u w ɨ h -	300	1389	Fast2008	V C V C
1433	Aguaruna	hand	uwɨh	uwɨh	ʊ w ɨ h	None	Chicham	ʊ w ɨ h -	300	1389	Johansson2021	V C V C
3597	Shuar	hand	eweje	eweje	ɨ w ɨ h ɨ	None	Chicham	ɨ w ɨ h ɨ	300	1389	Pellizzaro2005	V C V C V
4135	Wampis	hand	ewej	ewej	ɨ w ɨ h	Also uwej	Chicham	ɨ w ɨ h -	300	1389	Peña2023	V C V C
2293	Bora	hand	ʔóhʦʰɨɨ́	ʔóhʦʰɨɨ́	ʔ o h.tsʰ ɨː	None	Boran	ʔ o h.tsʰ ɨː	302	1390	Seifart2024	C V C V
2294	Muinane	hand	úse	úse	u s e	None	Boran	- u s e	302	1390	Seifart2024	V C V
2292	Proto-Bora-Muinane	hand	ʔutʦe	ʔutʦe	ʔ u t.ts e	None	Boran	ʔ u t.ts e	302	1390	Seifart2024	C V C V
2414	Bora	he	áánɯɯ́	áánɯɯ́	aː + n ɯ.ɯ	None	Boran	aː + n ɯ.ɯ	350	1439 1434	Seifart2024	V + C V
2416	Muinane	he	áháanɨ	áháanɨ	a.h.aː + n ɨ	None	Boran	a.h.aː + n ɨ	350	1439 1434	Seifart2024	V + C V
2412	Proto-Bora-Muinane	he	aa-nɨɨ	aa-nɨɨ	aː + n ɨ.ɨ	None	Boran	aː + n ɨ.ɨ	350	1439 1434	Seifart2024	V + C V
2415	Bora	he	tií-pʲe	tií-pʲe	t iː + pʲ ɛ	None	Boran	t iː + pʲ ɛ	353	1440 1442	Seifart2024	C V + C V
2417	Muinane	he	díi-bo	díi-bo	d iː + b o	None	Boran	d iː + b o	353	1440 1442	Seifart2024	C V + C V
2413	Proto-Bora-Muinane	he	dii-bo	dii-bo	d iː + b o	None	Boran	d iː + b o	353	1440 1442	Seifart2024	C V + C V
2795	AchuarShiwiar	he	ni,áu	ni	n i	None	Chicham	n i	343	1434	Fast2008	C V
4826	Aguaruna	he	nĩĩ	nĩĩ	n i.i	None	Chicham	n i.i	343	1434	Overall2007	C V
4825	Shuar	he	nĩi	nĩi	n i.i	interchangable with /au/ (Saad 2014).	Chicham	n i.i	343	1434	Saad2014	C V
4058	Wampis	he	ni	ni	n i	None	Chicham	n i	343	1434	Peña2023	C V
4330	Yagua	he	ni	ni	n i	None	Peba-Yagua	n i	343	1434	Gonzales2023	C V
4540	Yanesha	he	ɲa	ɲa	ɲ a	None	Arawakan	ɲ a	343	1434	Peña2024	C V
2939	Andoa	head	anaká	anaká	a n a k a	None	Zaparoan	a n a k a	363	1465	Michael2009	V C V C V
1570	Arabela	head	naka	naka	n a k a	None	Zaparoan	- n a k a	363	1465	Johansson2021	C V C V
68	Iquito	head	ánaka	ánaka	a n a k a	head	Zaparoan	a n a k a	363	1465	Michael2022	V C V C V
4701	Zaparo	head	anaka	anaka	a n a k a	None	Zaparoan	a n a k a	363	1465	Beier2014	V C V C V
2797	AchuarShiwiar	head	múuk	múuk	m uː k	None	Chicham	m uː k -	362	1464	Fast2008	C V C
1434	Aguaruna	head	buuk	buuk	b ʊː k	None	Chicham	b ʊː k -	362	1464	Johansson2021	C V C
3599	Shuar	head	múuka	múuka	m uː k a	None	Chicham	m uː k a	362	1464	Pellizzaro2005	C V C V
4126	Wampis	head	muuke	muuka	m uː k a	'head' is muuka - muuke 'head/3poss'	Chicham	m uː k a	362	1464	Peña2023	C V C V
1698	Candoshi-Shapra	head	mootʃo	mootʃo	m oː tʃ o	None	Isolate	m oː tʃ o -	365	1467	Johansson2021	C V C V
1814	Chayahuita	head	motoʔ	motoʔ	m o t o ʔ	None	Cahuapanan	m o t o ʔ	365	1467	Johansson2021	C V C V C
3418	Shiwilu	head	mutu’	mutu’	m u t u ʔ	None	Cahuapanan	m u t u ʔ	365	1467	Valenzuela2012	C V C V C
2284	Bora	head	nííkʷa-ɯ	nííkʷa-ɯ	n i.i kʷ a + ɯ	None	Boran	n i.i kʷ a + ɯ	364	1465 1466	Seifart2024	C V C V + V
2285	Muinane	head	níga-ɨ	níga-ɨ	n i g a + ɨ	None	Boran	n i g a + ɨ	364	1465 1466	Seifart2024	C V C V + V
2283	Proto-Bora-Muinane	head	niga-ɨ	niga-ɨ	n i g a + ɨ	None	Boran	n i g a + ɨ	364	1465 1466	Seifart2024	C V C V + V
768	WitotoMinica	heart	komékɯ	komékɯ	k o m e + k ɯ	None	Huitotoan	k o m e + k ɯ	409	1525 1530	Huber2021	C V C V + C V
986	WitotoMurui	heart	komekɯ	komekɯ	k o m e + k ɯ	heart-CLF:ROUND	Huitotoan	k o m e + k ɯ	409	1525 1530	Huber2021	C V C V + C V
1194	WitotoNipode	heart	komékɯ	komékɯ	k o m e + k ɯ	None	Huitotoan	k o m e + k ɯ	409	1525 1530	Huber2021	C V C V + C V
2799	AchuarShiwiar	heart	nintí	nintí	n i n + t i	Phonological alternation: inintí	Chicham	- n i n + t i	395	1507 757	Fast2008	C V C + C V
1436	Aguaruna	heart	anɨntai	anɨntai	a n ɨ n + t ɛi	'think about' + 'nominalizer'	Chicham	a n ɨ n + t ɛi	395	1507 757	Johansson2021	V C V C + C V
3601	Shuar	heart	anentái	anentái	a n ɨ n + t e.i	None	Chicham	a n ɨ n + t e.i	395	1507 757	Pellizzaro2005	V C V C + C V
4141	Wampis	heart	anentai	anentai	a n ɨ n + t a.i	Lexicaliezed from anen 'think about' + tai 'nominalizer'	Chicham	a n ɨ n + t a.i	395	1507 757	Peña2023	V C V C + C V
2305	Bora	heart	ɨ́ɨ́pɯ-ɯ	ɨ́ɨ́pɯ-ɯ	ɨ.ɨ p ɯ + ɯ	None	Boran	- ɨ.ɨ p ɯ + ɯ	397	1509 1510	Seifart2024	V C V + V
2306	Muinane	heart	héebɨ-ɨ	héebɨ-ɨ	h e.e b ɨ + ɨ	None	Boran	h e.e b ɨ + ɨ	397	1509 1510	Seifart2024	C V C V + V
2304	Proto-Bora-Muinane	heart	heebɨ-ɨ	heebɨ-ɨ	h e.e b ɨ + ɨ	None	Boran	h e.e b ɨ + ɨ	397	1509 1510	Seifart2024	C V C V + V
1573	Arabela	heavy	niikwia	niikwia	n iː k ia	None	Zaparoan	- n iː k ia	423	1541	Johansson2021	C V C V
71	Iquito	heavy	iinana	iinana	iː n a n a	heavy	Zaparoan	iː n a n a	423	1541	Michael2022	V C V C V
4704	Zaparo	heavy	inyaka	inyaka	i ɲ a k a	None	Zaparoan	i ɲ a k a	423	1541	Beier2014	V C V C V
927	WitotoMinica	heavy	mérede	mérede	m e + ɾ e + d e	None	Huitotoan	m e + ɾ e + d e	431	1550 1519 1532	Huber2021	C V + C V + C V
1134	WitotoMurui	heavy	merede	merede	m e + r e + d e	None	Huitotoan	m e + r e + d e	431	1550 1519 1532	Huber2021	C V + C V + C V
1339	WitotoNipode	heavy	mérede	mérede	m e + ɾ e + d e	None	Huitotoan	m e + ɾ e + d e	431	1550 1519 1532	Huber2021	C V + C V + C V
2800	AchuarShiwiar	heavy	kíjin	kíjin	k i h i n	Because of order of the entries: méram	Chicham	k i h i n	422	1540	Fast2008	C V C V C
1437	Aguaruna	heavy	kihin	kihin	k i h i n	None	Chicham	k i h i n	422	1540	Johansson2021	C V C V C
1817	Chayahuita	heavy	kɨkɨn	kɨkɨn	k ɨ k ɨ n	None	Cahuapanan	k ɨ k ɨ n	422	1540	Johansson2021	C V C V C
4805	Shuar	heavy	kijín	kijín	k i h i n	None	Chicham	k i h i n	422	1540	Pellizzaro2005	C V C V C
4087	Wampis	heavy	kijin	kijin	k i h i n	None	Chicham	k i h i n	422	1540	Peña2023	C V C V C
2801	AchuarShiwiar	here	jú̃ni	jú̃ni	h u n i	None	Chicham	h u n i	438	1561	Fast2008	C V C V
1438	Aguaruna	here	jui	jui	h ʊ ∼ i	None	Chicham	h ʊ ∼ i	438	1561	Johansson2021	C V C V
3603	Shuar	here	juí	juí	h u ∼ i	None	Chicham	h u ∼ i	438	1561	Pellizzaro2005	C V C V
4064	Wampis	here	jui	jui	h u ∼ i	ju 'this' + i 'Loc'	Chicham	h u ∼ i	438	1561	Peña2023	C V C V
2568	Bora	here	í-ɲeé-ri	í-ɲeé-ri	i + ɲ ɛ.ɛ + ɾ i	None	Boran	- i + ɲ ɛ.ɛ + ɾ i	1107	2389 1564 1565	Seifart2024	V + C V + C V
2569	Muinane	here	hi-néé-ri	hi-néé-ri	h i + n e.e + r i	None	Boran	h i + n e.e + r i	1107	2389 1564 1565	Seifart2024	C V + C V + C V
2567	Proto-Bora-Muinane	here	hi-noo-ri	hi-noo-ri	h i + n o.o + r i	None	Boran	h i + n o.o + r i	1107	2389 1564 1565	Seifart2024	C V + C V + C V
2565	Bora	how	mɯʔtɯ	mɯʔtɯ	m ɯ.ʔ t ɯ	None	Boran	m ɯ.ʔ t ɯ	464	1598	Seifart2024	C V C V
2566	Muinane	how	mɨ́ʤɨ	mɨ́ʤɨ	m ɨ dʒ ɨ	None	Boran	m ɨ dʒ ɨ	464	1598	Seifart2024	C V C V
2564	Proto-Bora-Muinane	how	mɨʔɨ	mɨʔɨ	m ɨ.ʔ ɨ	None	Boran	m ɨ.ʔ - ɨ	464	1598	Seifart2024	C V V
2804	AchuarShiwiar	how	itúr	itúr	i t u r	Phonological alternation: itiúr	Chicham	i t u - r -	461	1595	Fast2008	V C V C
4821	Aguaruna	how	utujsáya	utujsáya	u t u h s a	None	Chicham	u t u h s a	461	1595	Paati2020	V C V C C V
3605	Shuar	how	itiúr	itiúr	i tʲ u ɾ	None	Chicham	i tʲ u - ɾ -	461	1595	Pellizzaro2005	V C V C
4822	Wampis	how	itura	itura	i t u r a	None	Chicham	i t u - r a	461	1595	Peña2015	V C V C V
345	Ocaina	husband	õõna	õõna	oː n a	None	Huitotoan	oː n a	493	1634	Huber2021	V C V
770	WitotoMinica	husband	ɯìni	ɯìni	ɯ.i n i	None	Huitotoan	ɯ.i n i	493	1634	Huber2021	V C V
988	WitotoMurui	husband	ɯni	ɯni	ɯ n i	Maybe borrowing from Tucanoan (Wojtylak 2017).	Huitotoan	ɯ n i	493	1634	Huber2021	V C V
1196	WitotoNipode	husband	ɯìni	ɯìni	ɯ.i n i	None	Huitotoan	ɯ.i n i	493	1634	Huber2021	V C V
2311	Bora	husband	tʰahɨ	tʰahɨ	tʰ a h ɨ	None	Boran	tʰ a h ɨ	487	1627	Seifart2024	C V C V
2312	Muinane	husband	táhe	táhe	t a h e	None	Boran	t a h e	487	1627	Seifart2024	C V C V
2310	Proto-Bora-Muinane	husband	tahe	tahe	t a h e	None	Boran	t a h e	487	1627	Seifart2024	C V C V
2807	AchuarShiwiar	if	-ka	-ka	k a	Phonological alternation: -kia	Chicham	k a	512	1660	Fast2008	C V
4807	Aguaruna	if	-ka	-ka	k a	None	Chicham	k a	512	1660	Overall2007	C V
3609	Shuar	if	-ka	-ka	k a	None	Chicham	k a	512	1660	Pellizzaro2005	C V
243	Ticuna	if	ēgá∼ gá∼ ngēgá	ēgá	g a	if	Ticuna-Yuri	g a	512	1660	Bertet2020	C V
4828	Wampis	if	-ka	-ka	k a	None	Chicham	k a	512	1660	Peña2015	C V
2607	Bora	if	ʔahʧʰííhʲɯ	ʔahʧʰííhʲɯ	ʔ a h tʃʰ i.i hʲ ɯ	None	Boran	ʔ a h tʃʰ i.i hʲ ɯ	515	1663	Seifart2024	C V C C V C V
2608	Muinane	if	aʧʧihɨ	aʧʧihɨ	a tʃ tʃ i h ɨ	None	Boran	- a tʃ tʃ i h ɨ	515	1663	Seifart2024	V C C V C V
2606	Proto-Bora-Muinane	if	-ʔaʧʧiihɨ	-ʔaʧʧiihɨ	ʔ a tʃ tʃ i.i h ɨ	None	Boran	ʔ a tʃ tʃ i.i h ɨ	515	1663	Seifart2024	C V C C V C V
908	WitotoMinica	in	mo	mo	m o	None	Huitotoan	m o	535	1688	Huber2021	C V
1116	WitotoMurui	in	mo	mo	m o	None	Huitotoan	m o	535	1688	Huber2021	C V
1320	WitotoNipode	in	mo	mo	m o	None	Huitotoan	m o	535	1688	Huber2021	C V
909	WitotoMinica	in	éro	éro	e ɾ o	None	Huitotoan	e ɾ o	539	1691	Huber2021	V C V
1117	WitotoMurui	in	ero	ero	e r o	None	Huitotoan	e r o	539	1691	Huber2021	V C V
1321	WitotoNipode	in	éro	éro	e ɾ o	None	Huitotoan	e ɾ o	539	1691	Huber2021	V C V
910	WitotoMinica	in	hóɸo	hóɸo	h o ɸ o	None	Huitotoan	h o ɸ o	542	1694	Huber2021	C V C V
1118	WitotoMurui	in	hoɸo	hoɸo	h o ɸ o	None	Huitotoan	h o ɸ o	542	1694	Huber2021	C V C V
1322	WitotoNipode	in	hópo	hópo	h o p o	None	Huitotoan	h o p o	542	1694	Huber2021	C V C V
2601	Bora	in	pʰaɲe	pʰaɲe	pʰ a ɲ ɛ	None	Boran	pʰ a ɲ ɛ	530	1684	Seifart2024	C V C V
2602	Muinane	in	ɸaɲo	ɸaɲo	ɸ a ɲ o	None	Boran	ɸ a ɲ o	530	1684	Seifart2024	C V C V
2600	Proto-Bora-Muinane	in	paino	paino	p a.i n o	None	Boran	p a.i n o	530	1684	Seifart2024	C V C V
2808	AchuarShiwiar	in	-num	-num	n u m	Phonological alternation: -nam	Chicham	n u m	528	1681	Fast2008	C V C
4808	Aguaruna	in	-num	-num	n u m	None	Chicham	n u m	528	1681	Overall2007	C V C
3610	Shuar	in	-nam	-nam	n a m	With consonant-ending nouns	Chicham	n a m	528	1681	Pellizzaro2005	C V C
4244	Wampis	in	-num / nam / -i	-num	n u m	locative postposition -num / nam /- i	Chicham	n u m	528	1681	Peña2023	C V C
353	Ocaina	lake	hõʔã́ã́hĩ	hõʔã́ã́hĩ	h o ʔ aː	Maybe lake-CLF:G	Huitotoan	h o ʔ aː	561	1725	Huber2021	C V C V
780	WitotoMinica	lake	hórai	hórai	h o ɾ ai	None	Huitotoan	h o ɾ ai	561	1725	Huber2021	C V C V
997	WitotoMurui	lake	horai	horai	h o r ai	None	Huitotoan	h o r ai	561	1725	Huber2021	C V C V
1203	WitotoNipode	lake	hórai	hórai	h o ɾ ai	None	Huitotoan	h o ɾ ai	561	1725	Huber2021	C V C V
2941	Andoa	leaf	naamé	naamé	n aː m e	None	Zaparoan	n aː m e -	567	1733	Michael2009	C V C V
84	Iquito	leaf	íimɨ	íimɨ	iː m ɨ	leaf	Zaparoan	- iː m ɨ -	567	1733	Michael2022	V C V
4296	Yagua	leaf	nawi̠	nawi̠	n a w i ∼	Looks like the other Peban and Zaparoan forms.	Peba-Yagua	n a w i ∼	567	1733	Gonzales2023	C V C V C
4715	Zaparo	leaf	uɨmɨ	uɨmɨ	w ɨ m ɨ	None	Zaparoan	w ɨ m ɨ -	567	1733	Beier2014	C V C V
2813	AchuarShiwiar	leaf	núka	núka	n u k a	None	Chicham	n u k a	566	1732	Fast2008	C V C V
1446	Aguaruna	leaf	duka	duka	d ʊ k a	None	Chicham	d ʊ k a	566	1732	Johansson2021	C V C V
3614	Shuar	leaf	nuka	nuka	n u k a	None	Chicham	n u k a	566	1732	Pellizzaro2005	C V C V
4111	Wampis	leaf	nupa	nupa	n u p a	None	Chicham	n u p a	566	1732	Peña2023	C V C V
2377	Bora	leaf	ʔáámɨɨ́	ʔáámɨɨ́	ʔ a.a m ɨ.ɨ	None	Boran	ʔ a.a m ɨ.ɨ	569	1735	Seifart2024	C V C V
2378	Muinane	leaf	áame	áame	a.a m e	None	Boran	- a.a m e	569	1735	Seifart2024	V C V
2376	Proto-Bora-Muinane	leaf	aame	aame	a.a m e	None	Boran	- a.a m e	569	1735	Seifart2024	V C V
2814	AchuarShiwiar	left (hand)	ména	ména	m ɨ n a	None	Chicham	m ɨ n a	602	1773	Fast2008	C V C V
1447	Aguaruna	left (hand)	mɨna	mɨna	m ɨ n a	None	Chicham	m ɨ n a	602	1773	Johansson2021	C V C V
3615	Shuar	left (hand)	mena	mena	m ɨ n a	None	Chicham	m ɨ n a	602	1773	Pellizzaro2005	C V C V
4240	Wampis	left (hand)	mena	mena	m ɨ n a	None	Chicham	m ɨ n a	602	1773	Peña2023	C V C V
764	WitotoMinica	leg	ɯdá kairo	ɯdá kairo	ɯ d a + k ai ɾ o	None	Huitotoan	ɯ d a + k ai ɾ o	640	1812 1813	Huber2021	V C V + C V C V
981	WitotoMurui	leg	ɯda kairo	ɯda kairo	ɯ d a + k ai r o	lower.leg long	Huitotoan	ɯ d a + k ai r o	640	1812 1813	Huber2021	V C V + C V C V
1190	WitotoNipode	leg	ɯdá kairo	ɯdá kairo	ɯ d a + k ai ɾ o	None	Huitotoan	ɯ d a + k ai ɾ o	640	1812 1813	Huber2021	V C V + C V C V
2815	AchuarShiwiar	leg	máku	máku	m a k u	None	Chicham	m a k u	625	1798	Fast2008	C V C V
4812	Aguaruna	leg	maku	maku	m a k u	This means 'upper leg/thigh'.	Chicham	m a k u	625	1798	Overall2007	C V C V
3616	Shuar	leg	maku	maku	m a k u	None	Chicham	m a k u	625	1798	Pellizzaro2005	C V C V
4134	Wampis	leg	maku	maku	m a k u	None	Chicham	m a k u	625	1798	Peña2023	C V C V
1585	Arabela	liver	kowaj̃a	kowaj̃a	k o w a h a	None	Zaparoan	k o w a h a	648	1827	Johansson2021	C V C V C V
89	Iquito	liver	kúwaaja	kúwaaja	k u w aː h a	liver	Zaparoan	k u w aː h a	648	1827	Michael2022	C V C V C V
4718	Zaparo	liver	kawaha	kawaha	k a w a h a	None	Zaparoan	k a w a h a	648	1827	Beier2014	C V C V C V
2818	AchuarShiwiar	liver	akáp	akáp	a k a p	None	Chicham	a k a p -	647	1826	Fast2008	V C V C
1449	Aguaruna	liver	akap	akap	a k a p	None	Chicham	a k a p -	647	1826	Johansson2021	V C V C
3619	Shuar	liver	akape	akape	a k a p ɨ	None	Chicham	a k a p ɨ	647	1826	Pellizzaro2005	V C V C V
4142	Wampis	liver	akap	akap	a k a p	None	Chicham	a k a p -	647	1826	Peña2023	V C V C
2493	Bora	liver	íʔkʷáneé	íʔkʷáneé	i.ʔ kʷ a n ɛ.ɛ	None	Boran	i.ʔ kʷ a n ɛ.ɛ	649	1828	Seifart2024	V C V C V
2494	Muinane	liver	ígano	ígano	i g a n o	None	Boran	i g a n o	649	1828	Seifart2024	V C V C V
2492	Proto-Bora-Muinane	liver	iʔganoo	iʔganoo	i.ʔ g a n o.o	None	Boran	i.ʔ g a n o.o	649	1828	Seifart2024	V C V C V
3224	Coeruna	long	aeneimöh	aeneimöh	a.e n e.i m o ʔ	Martius: longus, a, u	Huitotoan	a.e n e.i m o ʔ	672	1858	Martius1867	V C V C V C
3320	MiranhaCarapana-Tapuya	long	aínime	aínime	a.i n i m e	Martius: longus, a, um	Huitotoan	a.i n i m e -	672	1858	Martius1867	V C V C V
456	Ocaina	long	ááɲi	ááɲi	aː ɲ i	None	Huitotoan	aː ɲ i - - -	672	1858	Huber2021	V C V
848	WitotoMinica	long	áre	áre	a ɾ e	None	Huitotoan	a ɾ e	685	1872	Huber2021	V C V
1063	WitotoMurui	long	are	are	a r e	None	Huitotoan	a r e	685	1872	Huber2021	V C V
1269	WitotoNipode	long	áre	áre	a ɾ e	None	Huitotoan	a ɾ e	685	1872	Huber2021	V C V
2819	AchuarShiwiar	long	sáram	esáram	ɨ s a + r a m	The first form here seems to be a bit more restricted and the second form is a phonological aternation: japiáng,sáram	Chicham	ɨ s a + r a m	664	1851 758	Fast2008	V C V + C V C
1450	Aguaruna	long	ɨsaham	ɨsaham	ɨ s a + h a m	esa + -jama 'adjectivizer'	Chicham	ɨ s a + h a m	664	1851 758	Johansson2021	V C V + C V C
4813	Shuar	long	ésaram	ésaram	e s a + ɾ a m	None	Chicham	e s a + ɾ a m	664	1851 758	Pellizzaro2005	V C V + C V C
4083	Wampis	long	esaram	esaram	ɨ s a + r a m	Lexicalized esa + rama 'Adjectivizer'	Chicham	ɨ s a + r a m	664	1851 758	Peña2023	V C V + C V C
2943	Andoa	louse	sokwanája	sokwanája	s o kʷ a n a h a	None	Zaparoan	s o kʷ a n a h a	694	1888	Michael2009	C V C V C V C V
1587	Arabela	louse	sukwanaj̃a	sukwanaj̃a	s u kʷ a n a h a	None	Zaparoan	s u kʷ a n a h a	694	1888	Johansson2021	C V C V C V C V
91	Iquito	louse	sikwanaja	sikwanaja	s i kʷ a n a h a	louse	Zaparoan	s i kʷ a n a h a	694	1888	Michael2022	C V C V C V C V
4720	Zaparo	louse	sukanawa	sukanawa	s u k a n a w a	None	Zaparoan	s u k a n a w a	694	1888	Beier2014	C V C V C V C V
800	WitotoMinica	louse	ɯbóma	ɯbóma	ɯ b o + m a	None	Huitotoan	ɯ b o + m a	704	1898 1578	Huber2021	V C V + C V
1018	WitotoMurui	louse	ɯboma	ɯboma	ɯ b o + m a	?-CLF:AN.M	Huitotoan	ɯ b o + m a	704	1898 1578	Huber2021	V C V + C V
1225	WitotoNipode	louse	ɯbóma	ɯbóma	ɯ b o + m a	None	Huitotoan	ɯ b o + m a	704	1898 1578	Huber2021	V C V + C V
2820	AchuarShiwiar	louse	téma	téma	t ɨ m a	None	Chicham	t ɨ m a	693	1887	Fast2008	C V C V
1451	Aguaruna	louse	tɨma	tɨma	t ɨ m a	None	Chicham	t ɨ m a	693	1887	Johansson2021	C V C V
3621	Shuar	louse	tema	tema	t ɨ m a	This is the term for louse (in humans). Because of more morphological complexity, here is the variant for louse (in animals): temáish	Chicham	t ɨ m a	693	1887	Pellizzaro2005	C V C V
4104	Wampis	louse	tema	tema	t ɨ m a	None	Chicham	t ɨ m a	693	1887	Peña2023	C V C V
2371	Bora	louse	kʷááni-ʔʲo	kʷááni-ʔʲo	kʷ a.a n i + ʔʲ o	None	Boran	kʷ a.a n i + ʔʲ o	695	1889 1890	Seifart2024	C V C V + C V
2372	Muinane	louse	gáaɲi-ʔu	gáaɲi-ʔu	g a.a ɲ i + ʔ u	None	Boran	g a.a ɲ i + ʔ u	695	1889 1890	Seifart2024	C V C V + C V
2370	Proto-Bora-Muinane	louse	gaaini-ʔu	gaaini-ʔu	g a.a.i n i + ʔ u	None	Boran	g a.a.i n i + ʔ u	695	1889 1890	Seifart2024	C V C V + C V
2821	AchuarShiwiar	man (male human)	áishmang	áishmang	a.i ʃ m a ŋ	None	Chicham	a.i ʃ m a ŋ	721	1916	Fast2008	V C C V C
3622	Shuar	man (male human)	áishmank	áishmank	e.i ʃ m a ŋ	None	Chicham	e.i ʃ m a ŋ	721	1916	Pellizzaro2005	V C C V C
4093	Wampis	man (male human)	aishman	aishman	a.i ʃ m a n	None	Chicham	a.i ʃ m a n	721	1916	Peña2023	V C C V C
4814	AchuarShiwiar	many	kuáchat	kuáchat	k u a tʃ a t	None	Chicham	k u a tʃ a t -	732	1929	Fast2008	C V V C V C
1452	Aguaruna	many	kuaʃat	kuaʃat	k ʊ a ʃ a t	None	Chicham	k ʊ a ʃ a t -	732	1929	Johansson2021	C V V C V C
4815	Wampis	many	kuaʃata	kuaʃata	k u a ʃ a t a	None	Chicham	k u a ʃ a t a	732	1929	Peña2015	C V V C V C V
2823	AchuarShiwiar	meat (flesh)	namáng	namáng	n a m a ŋ k ɨ	None	Chicham	n a m a ŋ k ɨ	758	1957	Fast2008	C V C V C C V
4817	Aguaruna	meat (flesh)	namagkámu	namagkámu	n a m a ŋ k	This literally means 'carne preparada con hojas tiernas de yuca'.	Chicham	n a m a ŋ k -	758	1957	Paati2020	C V C V C C
3624	Shuar	meat (flesh)	namanke	namanke	n a m a ŋ k ɨ	None	Chicham	n a m a ŋ k ɨ	758	1957	Pellizzaro2005	C V C V C C V
4118	Wampis	meat (flesh)	naman	naman	n a m a n k ɨ	None	Chicham	n a m a n k ɨ	758	1957	Peña2015	C V C V C C V
2325	Bora	mother	ʦʰɨ́ɨ́hɯ	ʦʰɨ́ɨ́hɯ	tsʰ ɨ.ɨ h ɯ	None	Boran	tsʰ ɨ.ɨ h ɯ	797	2000	Seifart2024	C V C V
2327	Muinane	mother	sééhɨ	sééhɨ	s e.e h ɨ	None	Boran	s e.e h ɨ	797	2000	Seifart2024	C V C V
2323	Proto-Bora-Muinane	mother	ʦeehɨ	ʦeehɨ	ts e.e h ɨ	None	Boran	ts e.e h ɨ	797	2000	Seifart2024	C V C V
2545	Bora	mountain	kʷáhɯɯ́	kʷáhɯɯ́	kʷ a h ɯ	None	Boran	kʷ a h ɯ	811	2020	Seifart2024	C V C V
2547	Muinane	mountain	gáhɨ	gáhɨ	g a h ɨ	None	Boran	g a h ɨ	811	2020	Seifart2024	C V C V
2543	Proto-Bora-Muinane	mountain	gahɨɨ	gahɨɨ	g a h ɨ.ɨ	None	Boran	g a h ɨ.ɨ	811	2020	Seifart2024	C V C V
2546	Bora	mountain	páɯɯ́	páɯɯ́	p a ɯ.ɯ	None	Boran	p a ɯ.ɯ	826	2034	Seifart2024	C V V
2548	Muinane	mountain	báaɨ	báaɨ	b a.a ɨ	None	Boran	b a.a ɨ	826	2034	Seifart2024	C V V
2544	Proto-Bora-Muinane	mountain	baaɨɨ	baaɨɨ	b a.a ɨ.ɨ	None	Boran	b a.a ɨ.ɨ	826	2034	Seifart2024	C V V
4820	AchuarShiwiar	mountain	múra	múra	m u r a	None	Chicham	m u r a	820	2029	Fast2008	C V C V
4819	Aguaruna	mountain	muha	muha	m u h a	This literally means 'mountin range'.	Chicham	m u h a	820	2029	Overall2007	C V C V
4829	Shuar	mountain	murá	murá	m u ɾ a	This literally means 'mountain range'.	Chicham	m u ɾ a	820	2029	Pellizzaro2005	C V C V
4214	Wampis	mountain	mura	mura	m u r a	None	Chicham	m u r a	820	2029	Peña2023	C V C V
1589	Arabela	mouth	ɾupaa	ɾupaa	ɾ u p aː	None	Zaparoan	- ɾ u p aː - -	839	2056	Johansson2021	C V C V
95	Iquito	mouth	itípùmà	itípùmà	i t i p u m a	None	Zaparoan	i t i p u m a	839	2056	Michael2022	V C V C V C V
4724	Zaparo	mouth	atupama	atupama	a t u p a m a	None	Zaparoan	a t u p a m a	839	2056	Beier2014	V C V C V C V
325	Ocaina	mouth	ɸooɯ	ɸooɯ	ɸ oː ɯ	None	Huitotoan	ɸ oː ɯ	844	2062	Huber2021	C V V
747	WitotoMinica	mouth	ɸúe	ɸúe	ɸ u e	None	Huitotoan	ɸ u e	844	2062	Huber2021	C V V
969	WitotoMurui	mouth	ɸue	ɸue	ɸ u e	None	Huitotoan	ɸ u e	844	2062	Huber2021	C V V
1179	WitotoNipode	mouth	púe	púe	p u e	None	Huitotoan	p u e	844	2062	Huber2021	C V V
1454	Aguaruna	mouth	wɨnu	wɨnu	w ɨ n ʊ	None	Chicham	w ɨ n ʊ	834	2047	Johansson2021	C V C V
3627	Shuar	mouth	wene	wene	w ɨ n ɨ	None	Chicham	w ɨ n ɨ	834	2047	Pellizzaro2005	C V C V
4130	Wampis	mouth	wene	wena	w ɨ n a	None	Chicham	w ɨ n a	834	2047	Peña2023	C V C V
2269	Bora	mouth	íʔ-hʲɯɯ́	íʔ-hʲɯɯ́	i.ʔ + hʲ ɯ.ɯ	None	Boran	i.ʔ + hʲ ɯ.ɯ	842	2060 2050	Seifart2024	V + C V
2270	Muinane	mouth	íi-hɨ	íi-hɨ	i.i + h ɨ	None	Boran	i.i + h ɨ	842	2060 2050	Seifart2024	V + C V
2268	Proto-Bora-Muinane	mouth	i-hɨ	i-hɨ	i + h ɨ	None	Boran	i + h ɨ	842	2060 2050	Seifart2024	V + C V
2562	Bora	name	meme	meme	m ɛ m ɛ	None	Boran	m ɛ m ɛ	866	2089	Seifart2024	C V C V
2563	Muinane	name	mómo	mómo	m o m o	None	Boran	m o m o	866	2089	Seifart2024	C V C V
498	Ocaina	name	maam̥ɯ	maam̥ɯ	m aː m̥ ɯ	None	Huitotoan	m aː m̥ ɯ	866	2089	Huber2021	C V C V
2561	Proto-Bora-Muinane	name	momo	momo	m o m o	None	Boran	m o m o	866	2089	Seifart2024	C V C V
883	WitotoMinica	name	mámekɯ	mámekɯ	m a m e + k ɯ	None	Huitotoan	m a m e + k ɯ	867	2089 1622	Huber2021	C V C V + C V
1096	WitotoMurui	name	mamekɯ	mamekɯ	m a m e + k ɯ	name-CLF:INHER	Huitotoan	m a m e + k ɯ	867	2089 1622	Huber2021	C V C V + C V
1302	WitotoNipode	name	mámekɯ	mámekɯ	m a m e + k ɯ	None	Huitotoan	m a m e + k ɯ	867	2089 1622	Huber2021	C V C V + C V
2826	AchuarShiwiar	name	náar	náar	n aː r	None	Chicham	n aː r	863	2086	Fast2008	C V C
4830	Shuar	name	naa	naa	n aː	None	Chicham	n aː -	863	2086	Pellizzaro2005	C V
4251	Wampis	name	naa	naa	n aː	None	Chicham	n aː -	863	2086	Peña2023	C V
923	WitotoMinica	near	íanori	íanori	i a + n o + ɾ i	short-CLF:SP.PLACE-ATT	Huitotoan	i a + n o + ɾ i	922	2149 1625 1639	Huber2021	V V + C V + C V
1130	WitotoMurui	near	ianori	ianori	i a + n o + r i	None	Huitotoan	i a + n o + r i	922	2149 1625 1639	Huber2021	V V + C V + C V
1335	WitotoNipode	near	iánori	iánori	i a + n o + ɾ i	None	Huitotoan	i a + n o + ɾ i	922	2149 1625 1639	Huber2021	V V + C V + C V
2829	AchuarShiwiar	neck	kuntúj	kuntúj	k u n t u h	None	Chicham	k u n t u h	934	2158	Fast2008	C V C C V C
4852	Aguaruna	neck	kúntuj	kúntuj	k u n t u h	None	Chicham	k u n t u h	934	2158	Paati2020	C V C C V C
3629	Shuar	neck	kuntuj	kuntuj	k u n t u h	None	Chicham	k u n t u h	934	2158	Pellizzaro2005	C V C C V C
4139	Wampis	neck	kuntej	kuntej	k u n t ɨ h	None	Chicham	k u n t ɨ h	934	2158	Peña2023	C V C C V C
881	WitotoMinica	new	kómue	kómue	k o m u + e	None	Huitotoan	k o m u + e	981	2206 1659	Huber2021	C V C V + V
1094	WitotoMurui	new	komue	komue	k o m u + e	new-CLF:G	Huitotoan	k o m u + e	981	2206 1659	Huber2021	C V C V + V
1300	WitotoNipode	new	kómue	kómue	k o m u + e	None	Huitotoan	k o m u + e	981	2206 1659	Huber2021	C V C V + V
2830	AchuarShiwiar	new	yamáram	yamáram	j a m a + r a m	None	Chicham	j a m a + r a m	967	2192 874	Fast2008	C V C V + C V C
1459	Aguaruna	new	jamaham	jamaham	j a m a + h a m	yama 'recent' -jama 'adjectivizer'	Chicham	j a m a + h a m	967	2192 874	Johansson2021	C V C V + C V C
3630	Shuar	new	yamáram	yamáram	j a m a + ɾ a m	None	Chicham	j a m a + ɾ a m	967	2192 874	Pellizzaro2005	C V C V + C V C
2559	Bora	new	péʔ-ne	péʔ-ne	p ɛ ʔ + n ɛ	None	Boran	p ɛ ʔ + n ɛ -	970	2194 2195	Seifart2024	C V C + C V
2560	Muinane	new	bóʔo-no	bóʔo-no	b o ʔ o + n o	None	Boran	b o ʔ o + n o	970	2194 2195	Seifart2024	C V C V + C V
2558	Proto-Bora-Muinane	new	boʔ-no	boʔ-no	b o ʔ + n o	None	Boran	b o ʔ + n o -	970	2194 2195	Seifart2024	C V C + C V
1595	Arabela	night	niukwa	niukwa	n i u kʷ a	None	Zaparoan	n i - u kʷ a	987	2221	Johansson2021	C V V C V
100	Iquito	night	niínaki	niínaki	n iː n a k i	night	Zaparoan	n iː n a k i	987	2221	Michael2022	C V C V C V
4727	Zaparo	night	ninya	ninya	n i ɲ a	None	Zaparoan	n i ɲ a - -	987	2221	Beier2014	C V C V
3235	Coeruna	night	cannatozümá	cannatozümá	n a t o	Martius: nox	Huitotoan	n a t o	992	2228	Martius1867	C V C V
374	Ocaina	night	natʲṍ	natʲṍ	n a ɯː o	None	Huitotoan	n a ɯː o	992	2228	Huber2021	C V V V
789	WitotoMinica	night	náɯɯo	náɯɯo	n a ɯː o	None	Huitotoan	n a ɯː o	992	2228	Huber2021	C V V V
1007	WitotoMurui	night	naɯo	naɯo	n a ɯ o	None	Huitotoan	n a ɯ o	992	2228	Huber2021	C V V V
1212	WitotoNipode	night	náɯɯo	náɯɯo	n a ɯː o	None	Huitotoan	n a ɯː o	992	2228	Huber2021	C V V V
2831	AchuarShiwiar	night	káshi	káshi	k a ʃ i	None	Chicham	k a ʃ i	986	2220	Fast2008	C V C V
1460	Aguaruna	night	kaʃi	kaʃi	k a ʃ i	None	Chicham	k a ʃ i	986	2220	Johansson2021	C V C V
1838	Chayahuita	night	taʃiʔ	taʃiʔ	t a ʃ i.ʔ	None	Cahuapanan	t a ʃ i.ʔ	986	2220	Johansson2021	C V C V
3631	Shuar	night	kashi	kashi	k a ʃ i	None	Chicham	k a ʃ i	986	2220	Pellizzaro2005	C V C V
4220	Wampis	night	kashi	kashi	k a ʃ i	None	Chicham	k a ʃ i	986	2220	Peña2023	C V C V
2353	Bora	night	pʰehkʰo	pʰehkʰo	pʰ ɛ h kʰ o	None	Boran	pʰ ɛ h kʰ o	988	2222	Seifart2024	C V C C V
2354	Muinane	night	ɸúkku	ɸúkku	ɸ u k k u	None	Boran	ɸ u k k u	988	2222	Seifart2024	C V C C V
2352	Proto-Bora-Muinane	night	pokku	pokku	p o k k u	None	Boran	p o k k u	988	2222	Seifart2024	C V C C V
2947	Andoa	nose	najúkwa	najúkwa	n a h u kʷ a	None	Zaparoan	n a h u kʷ a	155	120	Michael2009	C V C V C V
1596	Arabela	nose	naj̃akwa	naj̃akwa	n a h a kʷ a	None	Zaparoan	n a h a kʷ a	155	120	Johansson2021	C V C V C V
101	Iquito	nose	najika	najika	n a h i k a	nose	Zaparoan	n a h i k a	155	120	Michael2022	C V C V C V
4728	Zaparo	nose	nahuka	nahuka	n a h u k a	None	Zaparoan	n a h u k a	155	120	Beier2014	C V C V C V
327	Ocaina	nose	tʲooɸo	tʲooɸo	tʲ oː + ɸ o	None	Huitotoan	tʲ oː + ɸ o	1020	2264 1671	Huber2021	C V + C V
749	WitotoMinica	nose	dóɸo	dóɸo	d o + ɸ o	None	Huitotoan	d o + ɸ o	1020	2264 1671	Huber2021	C V + C V
971	WitotoMurui	nose	doɸo	doɸo	d o + ɸ o	(de-fo) nose-CLF:CAVITY	Huitotoan	d o + ɸ o	1020	2264 1671	Huber2021	C V + C V
1181	WitotoNipode	nose	dópo	dópo	d o + p o	None	Huitotoan	d o + p o	1020	2264 1671	Huber2021	C V + C V
2832	AchuarShiwiar	nose	nújĩ	nújĩ	n u h i	None	Chicham	n u h i	1010	2253	Fast2008	C V C V
1461	Aguaruna	nose	nuhi	nuhi	n ʊ h i	None	Chicham	n ʊ h i	1010	2253	Johansson2021	C V C V
3632	Shuar	nose	nuji̠	nuji̠	n u h i	None	Chicham	n u h i	1010	2253	Pellizzaro2005	C V C V
4129	Wampis	nose	nuji	nuji	n u h i	None	Chicham	n u h i	1010	2253	Peña2023	C V C V
2275	Bora	nose	tʰɯ́-hɯ-ʔo	tʰɯ́-hɯ-ʔo	tʰ ɯ + h ɯ + ʔ o	smell-?cl:tube?-cl:oblong	Boran	tʰ ɯ + h ɯ + ʔ o	1011	2254 2255 2256	Seifart2024	C V + C V + C V
2276	Muinane	nose	tɨ́hɨ-ʔu	tɨ́hɨ-ʔu	t ɨ + h ɨ + ʔ u	None	Boran	t ɨ + h ɨ + ʔ u	1011	2254 2255 2256	Seifart2024	C V + C V + C V
2274	Proto-Bora-Muinane	nose	tɨhɨ-ʔu	tɨhɨ-ʔu	t ɨ + h ɨ + ʔ u	None	Boran	t ɨ + h ɨ + ʔ u	1011	2254 2255 2256	Seifart2024	C V + C V + C V
3278	Pebas	nose	vinerro	vinerro	i n e r o	Martius: nasus	Peba-Yagua	i n e r o	1022	2266	Martius1867	V C V C V
4273	Yagua	nose	nu	nuruu	n u r u.u	None	Peba-Yagua	- n u r u.u	1022	2266	Gonzales2023	C V C V
3830	Yameo	nose	inĭṛše'á	inĭṛše'á	i n i r	Tessmann: Nase	Peba-Yagua	i n i r -	1022	2266	Tessmann1930	V C V C
3330	MiranhaCarapana-Tapuya	not	náni	náni	n i	Martius: non	Huitotoan	n i	1046	2302	Martius1867	C V
449	Ocaina	not	ããɲi	ããɲi	n e	None	Huitotoan	n e	1046	2302	Huber2021	C V
656	Resigaro	not	nií	nií	n iː	None	Arawakan	n iː	1046	2302	Huber2021	C V
844	WitotoMinica	not	ɲe	ɲe	ɲ e	None	Huitotoan	ɲ e	1046	2302	Huber2021	C V
1060	WitotoMurui	not	ɲe	ɲe	ɲ e	None	Huitotoan	ɲ e	1046	2302	Huber2021	C V
1266	WitotoNipode	not	ɲe	ɲe	ɲ e	None	Huitotoan	ɲ e	1046	2302	Huber2021	C V
4434	Yagua	not	ne	ne	n e	None	Peba-Yagua	n e	1046	2302	Gonzales2023	C V
843	WitotoMinica	not	dáma íte	dáma íte	d a m a + i t e	None	Huitotoan	d a m a + i t e	1055	2310 2311	Huber2021	C V C V + V C V
1059	WitotoMurui	not	dama ite	dama ite	d a m a + i t e	None	Huitotoan	d a m a + i t e	1055	2310 2311	Huber2021	C V C V + V C V
1265	WitotoNipode	not	damíɗe	damíɗe	d a m + i ɗ e	None	Huitotoan	d a m - + i ɗ e	1055	2310 2311	Huber2021	C V C + V C V
2461	Bora	not	ʦʰáʔaá	ʦʰáʔaá	tsʰ a ʔ a.a	None	Boran	tsʰ a ʔ a.a	1040	2297	Seifart2024	C V C V
2463	Muinane	not	ʧáʔano	ʧáʔano	tʃ a ʔ a	None	Boran	tʃ a ʔ a	1040	2297	Seifart2024	C V C V
2459	Proto-Bora-Muinane	not	ʦaʔa	ʦaʔa	ts a ʔ a	None	Boran	ts a ʔ a	1040	2297	Seifart2024	C V C V
2462	Bora	not	-tʰɯ	-tʰɯ	tʰ ɯ	None	Boran	tʰ ɯ	1041	2298	Seifart2024	C V
2464	Muinane	not	-tɨ	-tɨ	t ɨ	None	Boran	t ɨ	1041	2298	Seifart2024	C V
2460	Proto-Bora-Muinane	not	-tɨ	-tɨ	t ɨ	None	Boran	t ɨ	1041	2298	Seifart2024	C V
2833	AchuarShiwiar	not	tsá	tsá	ts a	Phonological alternation: atsá	Chicham	ts a	1038	2295	Fast2008	C V
4854	Aguaruna	not	-tʃa	-tʃa	tʃ a	Appears elsewhere.	Chicham	tʃ a	1038	2295	Overall2007	C V
3633	Shuar	not	-ch	-ch	tʃ	Because of order of entries, here are the variants: sh,ts	Chicham	tʃ -	1038	2295	Pellizzaro2005	C
4856	Wampis	not	-tʃa	-tʃa	tʃ a	Appears elsewhere.	Chicham	tʃ a	1038	2295	Peña2015	C V
4857	AchuarShiwiar	not	-tsu	-tsu	ts u	None	Chicham	ts u	3550	875	Kohlberger2020	C V
4853	Aguaruna	not	-tsu	-tsu	ts ʊ	Appears with present-tense and remote past tense verbs.	Chicham	ts ʊ	3550	875	Overall2007	C V
4858	Shuar	not	-tsu	-tsu	ts u	Used in the present tense, remote past, and relative clauses.	Chicham	ts u	3550	875	Saad2014	C V
4855	Wampis	not	-tsu	-tsu	ts u	Appears with imperfective stem and existential verb.	Chicham	ts u	3550	875	Peña2015	C V
775	WitotoMinica	old	éiroma	éiroma	e i + ɾ o + m a	None	Huitotoan	e i + ɾ o + m a	1078	2352 1674 1673	Huber2021	V V + C V + C V
992	WitotoMurui	old	eiroma	eiroma	e i + r o + m a	mature-?-CLF:M	Huitotoan	e i + r o + m a	1078	2352 1674 1673	Huber2021	V V + C V + C V
1200	WitotoNipode	old	eíroma	eíroma	e i + ɾ o + m a	None	Huitotoan	e i + ɾ o + m a	1078	2352 1674 1673	Huber2021	V V + C V + C V
2662	Bora	old	kʰeéme	kʰeéme	kʰ ɛ.ɛ m ɛ	None	Boran	kʰ ɛ.ɛ m ɛ	1082	2355	Seifart2024	C V C V
2664	Muinane	old	kóomobo	kóomobo	k o.o m o	None	Boran	k o.o m o	1082	2355	Seifart2024	C V C V
2660	Proto-Bora-Muinane	old	koomo-	koomo-	k o.o m o	None	Boran	k o.o m o	1082	2355	Seifart2024	C V C V
4863	AchuarShiwiar	old	húuntatʃ	húuntatʃ	h uː n t a + tʃ	None	Chicham	h uː n t a + - tʃ -	1077	2351 892	Kohlberger2020	C V C C V + C
4861	Aguaruna	old	múuntutʃi	múuntutʃi	m uː n t a + u tʃ i	None	Chicham	m uː n t a + u tʃ i	1077	2351 892	Overall2007	C V C C V + V C V
4862	Shuar	old	úuntach’	úuntach’	uː n t a + tʃ	None	Chicham	- uː n t a + - tʃ -	1077	2351 892	Saad2014	V C C V + C
4225	Wampis	old	uun	uun	uː n t a + tʃ i	None	Chicham	- uː n t a + - tʃ i	1077	2351 892	Peña2023	V C C V + C V
1598	Arabela	one	nikiiɾijatu	nikiiɾijatu	n i k iː ɾ i h a	None	Zaparoan	n i k iː ɾ i h a	1093	2373	Johansson2021	C V C V C V C V
104	Iquito	one	nuúkiika	nuúkiika	n uː k iː k a	one	Zaparoan	n uː k iː k a - -	1093	2373	Michael2022	C V C V C V
4729	Zaparo	one	nukakɨha	nukakɨha	n u k a k ɨ h a	None	Zaparoan	n u k a k ɨ h a	1093	2373	Beier2014	C V C V C V C V
405	Ocaina	one	tʲa	tʲa	tʲ a	None	Huitotoan	tʲ a	525	1677	Huber2021	C V
813	WitotoMinica	one	da	da	d a	None	Huitotoan	d a	525	1677	Huber2021	C V
1238	WitotoNipode	one	da	da	d a	None	Huitotoan	d a	525	1677	Huber2021	C V
2836	AchuarShiwiar	one	kíchik	chikíchik	tʃ i k i tʃ i k	Phonological anternation: kíchik	Chicham	tʃ i k i tʃ i k	1087	2365	Fast2008	C V C V C V C
1463	Aguaruna	one	makitʃik	makitʃik	m a k i tʃ i k	None	Chicham	m a k i tʃ i k	1087	2365	Johansson2021	C V C V C V C
3635	Shuar	one	chikíchik	chikíchik	tʃ i k i tʃ i k	None	Chicham	tʃ i k i tʃ i k	1087	2365	Pellizzaro2005	C V C V C V C
4077	Wampis	one	tikichik	tikichik	t i k i tʃ i k	None	Chicham	t i k i tʃ i k	1087	2365	Peña2023	C V C V C V C
2398	Bora	one	ʦʰa-ne	ʦʰa-ne	tsʰ a + n ɛ	None	Boran	tsʰ a + n ɛ	1089	2367 2368	Seifart2024	C V + C V
2399	Muinane	one	sáá-no	sáá-no	s a.a + n o	None	Boran	s a.a + n o	1089	2367 2368	Seifart2024	C V + C V
2397	Proto-Bora-Muinane	one	ʦaa-no	ʦaa-no	ts a.a + n o	None	Boran	ts a.a + n o	1089	2367 2368	Seifart2024	C V + C V
1599	Arabela	other	tama	tama	t a m a	None	Zaparoan	t a m a	1110	2407	Johansson2021	C V C V
105	Iquito	other	taana	taana	t aː n a	other	Zaparoan	t aː n a	1110	2407	Michael2022	C V C V
4730	Zaparo	other	taka	taka	t a k a	None	Zaparoan	t a k a	1110	2407	Beier2014	C V C V
894	WitotoMinica	other	hɯáɯe	hɯáɯe	h ɯ a ɯ + e	None	Huitotoan	h ɯ a ɯ + e	1120	2419 1678	Huber2021	C V V V + V
1104	WitotoMurui	other	hɯaɯe	hɯaɯe	h ɯ a ɯ + e	CLF:G	Huitotoan	h ɯ a ɯ + e	1120	2419 1678	Huber2021	C V V V + V
1222	WitotoNipode	other	hɯáɯɯe	hɯáɯɯe	h ɯ a ɯː + e	None	Huitotoan	h ɯ a ɯː + e	1120	2419 1678	Huber2021	C V V V + V
2837	AchuarShiwiar	other	kich	chikich	tʃ i k i tʃ	Phonological alternation: kich	Chicham	tʃ i k i tʃ	1109	2406	Fast2008	C V C V C
1464	Aguaruna	other	tikitʃ	tikitʃ	t i k i tʃ	None	Chicham	t i k i tʃ	1109	2406	Johansson2021	C V C V C
3636	Shuar	other	chíkich	chíkich	tʃ i k i tʃ	None	Chicham	tʃ i k i tʃ	1109	2406	Pellizzaro2005	C V C V C
4076	Wampis	other	tikich	tikich	t i k i tʃ	None	Chicham	t i k i tʃ	1109	2406	Peña2023	C V C V C
2574	Bora	other	ʦʰi-hpʰi	ʦʰi-hpʰi	tsʰ i + h.pʰ i	None	Boran	tsʰ i + h.pʰ i	1111	2408 2409	Seifart2024	C V + C V
2575	Muinane	other	sí-ɸi	sí-ɸi	s i + ɸ i	None	Boran	s i + ɸ i	1111	2408 2409	Seifart2024	C V + C V
2573	Proto-Bora-Muinane	other	ʦi-ppi	ʦi-ppi	ts i + p.p i	None	Boran	ts i + p.p i	1111	2408 2409	Seifart2024	C V + C V
106	Iquito	person	kaaya	kaaya	k aː j a	person or human being	Zaparoan	k aː j a	1127	2443	Michael2022	C V C V
3928	Urarina	person	kadʒá	kadʒá	k a dʒ a	None	Isolate	k a dʒ a	1127	2443	Peña2023	C V C V
4731	Zaparo	person	kaya	kaya	k a j a	person (zaparo)	Zaparoan	k a j a	1127	2443	Beier2014	C V C V
2838	AchuarShiwiar	person	áints	áints	a.i n ts	None	Chicham	a.i n ts -	1123	2438	Fast2008	V C C
1465	Aguaruna	person	aɨnts	aɨnts	ə.ɨ n ts	None	Chicham	ə.ɨ n ts -	1123	2438	Johansson2021	V C C
3637	Shuar	person	aéntsu	aéntsu	a.ɨ n ts u	None	Chicham	a.ɨ n ts u	1123	2438	Pellizzaro2005	V C C V
878	WitotoMinica	red	híaɯrede	híaɯrede	h i a ɯ + ɾ e + d e	None	Huitotoan	h i a ɯ + ɾ e + d e	1160	2482 1679 1680	Huber2021	C V V V + C V + C V
1091	WitotoMurui	red	hiaɯrede	hiaɯrede	h i a ɯ + r e + d e	None	Huitotoan	h i a ɯ + r e + d e	1160	2482 1679 1680	Huber2021	C V V V + C V + C V
1297	WitotoNipode	red	híaɯrede	híaɯrede	h i a ɯ + ɾ e + d e	None	Huitotoan	h i a ɯ + ɾ e + d e	1160	2482 1679 1680	Huber2021	C V V V + C V + C V
2843	AchuarShiwiar	red	kapántin	kapántin	k a p a n t i n	None	Chicham	k a p a n t i n	1137	2458	Fast2008	C V C V C C V C
1466	Aguaruna	red	kapantu	kapantu	k a p a n t ʊ	None	Chicham	k a p a n t ʊ -	1137	2458	Johansson2021	C V C V C C V
3642	Shuar	red	kapántin	kapántin	k a p a n t i n	None	Chicham	k a p a n t i n	1137	2458	Pellizzaro2005	C V C V C C V C
4215	Wampis	red	kapantu	kapantu	k a p a n t u	None	Chicham	k a p a n t u -	1137	2458	Peña2023	C V C V C C V
2550	Bora	red	tʰɯ́-hpʰa-ɲe	tʰɯ́-hpʰa-ɲe	tʰ ɯ + h.pʰ a + ɲ ɛ	None	Boran	tʰ ɯ + h.pʰ a - + ɲ ɛ	1141	2461 2462 2463	Seifart2024	C V + C V + C V
2551	Muinane	red	tɨ́-ɸai-ɲo	tɨ́-ɸai-ɲo	t ɨ + ɸ a i + ɲ o	None	Boran	t ɨ + ɸ a i + ɲ o	1141	2461 2462 2463	Seifart2024	C V + C V V + C V
2549	Proto-Bora-Muinane	red	tɨ-ppai-no	tɨ-ppai-no	t ɨ + p.p a i + n o	None	Boran	t ɨ + p.p a i + n o	1141	2461 2462 2463	Seifart2024	C V + C V V + C V
2844	AchuarShiwiar	right (correct)	métek	métek	m ɨ t ɨ k	None	Chicham	m ɨ t ɨ k	1167	2503	Fast2008	C V C V C
1403	Aguaruna	right (correct)	bɨtɨk	bɨtɨk	b ɨ t ɨ k	None	Chicham	b ɨ t ɨ k	1167	2503	Johansson2021	C V C V C
4652	Yanesha	right (correct)	atetʲ	atetʲ	a t e tʲ	None	Arawakan	- a t e tʲ	1167	2503	Peña2024	V C V C
1467	Aguaruna	right (hand)	untsug	untsug	ʊ n ts ʊ ŋ	None	Chicham	ʊ n ts ʊ ŋ	1182	2526	Johansson2021	V C C V C
3643	Shuar	right (hand)	untsur	untsur	u n ts u ɾ	None	Chicham	u n ts u ɾ	1182	2526	Pellizzaro2005	V C C V C
4239	Wampis	right (hand)	untsur	untsur	u n ts u r	None	Chicham	u n ts u r	1182	2526	Peña2023	V C C V C
778	WitotoMinica	river	imáni	imáni	i + m a n i	None	Huitotoan	i + m a n i	1218	2565 1697	Huber2021	V + C V C V
995	WitotoMurui	river	imani	imani	i + m a n i	ANA.DEM-CLF:BIG.RIVER	Huitotoan	i + m a n i	1218	2565 1697	Huber2021	V + C V C V
1202	WitotoNipode	river	imáni	imáni	i + m a n i	None	Huitotoan	i + m a n i	1218	2565 1697	Huber2021	V + C V C V
2332	Bora	river	tʰeé-ʔi	tʰeé-ʔi	tʰ ɛ.ɛ + ʔ i	None	Boran	tʰ ɛ.ɛ + ʔ i	1210	2555 2556	Seifart2024	C V + C V
2333	Muinane	river	téé-ʔi	téé-ʔi	t e.e + ʔ i	None	Boran	t e.e + ʔ i	1210	2555 2556	Seifart2024	C V + C V
2331	Proto-Bora-Muinane	river	too-ʔi	too-ʔi	t o.o + ʔ i	None	Boran	t o.o + ʔ i	1210	2555 2556	Seifart2024	C V + C V
2720	Bora	river	moóa	moóa	m o.o a	None	Boran	m o.o a	1229	2574	Seifart2024	C V V
2721	Muinane	river	múúai	múúai	m u.u a.i	None	Boran	m u.u a.i	1229	2574	Seifart2024	C V V
2719	Proto-Bora-Muinane	river	muuai	muuai	m u.u a.i	None	Boran	m u.u a.i	1229	2574	Seifart2024	C V V
2846	AchuarShiwiar	river	éntsa	éntsa	ɨ n ts a	None	Chicham	ɨ n ts a	1207	2552	Fast2008	V C C V
3644	Shuar	river	entsa	entsa	ɨ n ts a	None	Chicham	ɨ n ts a	1207	2552	Pellizzaro2005	V C C V
4197	Wampis	river	entsa	entsa	ɨ n ts a	None	Chicham	ɨ n ts a	1207	2552	Peña2023	V C C V
2847	AchuarShiwiar	road (or trail)	jínta	jínta	h i n t a	Phonological alternation: jíntia	Chicham	h i n t a	1235	2596	Fast2008	C V C C V
4864	Aguaruna	road (or trail)	jínta	jínta	h i n t a	None	Chicham	h i n t a	1235	2596	Paati2020	C V C C V
3645	Shuar	road (or trail)	jíntia	jíntia	h i n tʲ a	None	Chicham	h i n tʲ a	1235	2596	Pellizzaro2005	C V C C V
4213	Wampis	road (or trail)	jinta	jinta	h i n t a	None	Chicham	h i n t a	1235	2596	Peña2023	C V C C V
805	WitotoMinica	root	háinao	háinao	h a i + n a + o	None	Huitotoan	h a i + n a + o	1259	2619 1702 1703	Huber2021	C V V + C V + V
1023	WitotoMurui	root	hainao	hainao	h a i + n a + o	?-CLF:TREE-CLF:FLEX	Huitotoan	h a i + n a + o	1259	2619 1702 1703	Huber2021	C V V + C V + V
1231	WitotoNipode	root	háinao	háinao	h a i + n a + o	None	Huitotoan	h a i + n a + o	1259	2619 1702 1703	Huber2021	C V V + C V + V
2383	Bora	root	páhkʰʲeé	páhkʰʲeé	p a h.kʰʲ ɛ.ɛ	None	Boran	p a h.kʰʲ ɛ.ɛ	1247	2608	Seifart2024	C V C V
3342	MiranhaCarapana-Tapuya	root	nahqui	nahqui	n a.ʔ k i	Martius: radix	Huitotoan	n a.ʔ k i	1247	2608	Martius1867	C V C V
2384	Muinane	root	bakóʔoko	bakóʔoko	b a k o	Incomparable segment /ʔoko/ very similar to Ocaina.	Boran	b a k o	1247	2608	Seifart2024	C V C V
2382	Proto-Bora-Muinane	root	bako-	baikko-	b a.i k.k o	None	Boran	b a.i k.k o	1247	2608	Seifart2024	C V C V
2848	AchuarShiwiar	root	kangkáp	kangkáp	k a ŋ k a p	None	Chicham	k a ŋ k a p	1244	2606	Fast2008	C V C C V C
3646	Shuar	root	kankap	kankap	k a ŋ k a p	None	Chicham	k a ŋ k a p	1244	2606	Pellizzaro2005	C V C C V C
4112	Wampis	root	kankap	kankap	k a n k a p	None	Chicham	k a n k a p	1244	2606	Peña2023	C V C C V C
3155	Juri	root	näti	näti	n a t i	Martius: radix	Ticuna-Yuri	n a t i -	1248	2609	Martius1867	C V C V
3285	Pebas	root	natay	natay	n a t a j	Martius: radix	Peba-Yagua	n a t a j	1248	2609	Martius1867	C V C V C
4294	Yagua	root	nutijyu̠	nutijyu̠	n u t i j	None	Peba-Yagua	n u t i j	1248	2609	Gonzales2023	C V C V C
1605	Arabela	rope	poʃijokwa	poʃijokwa	p o ʃ i h o kʷ a	None	Zaparoan	p o ʃ i h o kʷ a	1269	2644	Johansson2021	C V C V C V C V
117	Iquito	rope	iiyɨɨ	iiyɨɨ	i j au k a	rope or cord of any type	Zaparoan	- - - i j au k a	1269	2644	Michael2022	V C V C V
4740	Zaparo	rope	iyawka	iyawka	i j au k a	None	Zaparoan	- - - i j au k a	1269	2644	Beier2014	V C V C V
966	WitotoMinica	rope	ígaɯ	ígaɯ	i + g a ɯ	None	Huitotoan	i + g a ɯ	1280	2654 1705	Huber2021	V + C V V
1176	WitotoMurui	rope	igaɯ	igaɯ	i + g a ɯ	ANA.DEM-CLF:CORD.STRING	Huitotoan	i + g a ɯ	1280	2654 1705	Huber2021	V + C V V
1382	WitotoNipode	rope	ígaɯ	ígaɯ	i + g a ɯ	None	Huitotoan	i + g a ɯ	1280	2654 1705	Huber2021	V + C V V
967	WitotoMinica	rope	rao	rao	ɾ a + o	None	Huitotoan	ɾ a + o	1283	2658 1704	Huber2021	C V + V
1177	WitotoMurui	rope	rao	rao	r a + o	thing-CLF:FLEX	Huitotoan	r a + o	1283	2658 1704	Huber2021	C V + V
1383	WitotoNipode	rope	rao	rao	ɾ a + o	None	Huitotoan	ɾ a + o	1283	2658 1704	Huber2021	C V + V
2714	Bora	rope	kʷáápʲa-ɯ	kʷáápʲa-ɯ	kʷ a.a pʲ a + ɯ	None	Boran	kʷ a.a pʲ a + ɯ	1267	2641 2642	Seifart2024	C V C V + V
2715	Muinane	rope	gáaiba-ɨ	gáaiba-ɨ	g a.a i.b a + ɨ	None	Boran	g a.a i.b a + ɨ	1267	2641 2642	Seifart2024	C V V V + V
2713	Proto-Bora-Muinane	rope	gaaiba-ɨ	gaaiba-ɨ	g a.a i.b a + ɨ	None	Boran	g a.a i.b a + ɨ	1267	2641 2642	Seifart2024	C V V V + V
2849	AchuarShiwiar	rope	chápik	chápik	tʃ a p i k	None	Chicham	tʃ a p i k	1264	2638	Fast2008	C V C V C
4865	Aguaruna	rope	chápik	chápik	tʃ a p i k	None	Chicham	tʃ a p i k	1264	2638	Paati2020	C V C V C
3647	Shuar	rope	chápic	chápic	tʃ a p i k	None	Chicham	tʃ a p i k	1264	2638	Pellizzaro2005	C V C V C
931	WitotoMinica	rotten (especially log)	rɯɸáide	rɯɸáide	ɾ ɯ ɸ a.i + d e	None	Huitotoan	ɾ ɯ ɸ a.i + d e	1301	2682 238	Huber2021	C V C V + C V
1138	WitotoMurui	rotten (especially log)	rɯɸaide	rɯɸaide	r ɯ ɸ a.i + d e	None	Huitotoan	r ɯ ɸ a.i + d e	1301	2682 238	Huber2021	C V C V + C V
1343	WitotoNipode	rotten (especially log)	rɯ́paide	rɯ́paide	ɾ ɯ p a.i + d e	None	Huitotoan	ɾ ɯ p a.i + d e	1301	2682 238	Huber2021	C V C V + C V
932	WitotoMinica	rotten (especially log)	θabíde	θabíde	θ a b i + d e	None	Huitotoan	θ a b i + d e	1304	2685 238	Huber2021	C V C V + C V
1139	WitotoMurui	rotten (especially log)	θabide	θabide	θ a b i + d e	None	Huitotoan	θ a b i + d e	1304	2685 238	Huber2021	C V C V + C V
1344	WitotoNipode	rotten (especially log)	tabíde	tabíde	t a b i + d e	None	Huitotoan	t a b i + d e	1304	2685 238	Huber2021	C V C V + C V
2850	AchuarShiwiar	rotten (especially log)	káuru	káuru	k a.u + r + u	None	Chicham	k a.u + r + u	1286	2669 895 896	Fast2008	C V + C + V
1471	Aguaruna	rotten (especially log)	kauhu	kauhu	k o.ʊ + h + ʊ	None	Chicham	k o.ʊ + h + ʊ	1286	2669 895 896	Johansson2021	C V + C + V
4228	Wampis	rotten (especially log)	kauru	kauru	k a.u + r + u	kau 'to rot' -ra 'distributive + - u 'nominalizer'	Chicham	k a.u + r + u	1286	2669 895 896	Peña2023	C V + C + V
2950	Andoa	rotten (especially log)	mokwashí	mokwashí	m o kʷ a	None	Zaparoan	m o kʷ a	1289	2670	Michael2009	C V C V
1606	Arabela	rotten (especially log)	mokweeka	mokweeka	m o kʷ ɨː	None	Zaparoan	m o kʷ ɨː	1289	2670	Johansson2021	C V C V
4741	Zaparo	rotten (especially log)	mukaka	mukaka	m u k a	None	Zaparoan	m u k a	1289	2670	Beier2014	C V C V
2951	Andoa	salt	ichojá	ichojá	i tʃ o h a	None	Zaparoan	i tʃ o h a	1307	2699	Michael2009	V C V C V
120	Iquito	salt	iisaja	iisaja	iː s a h a	salt	Zaparoan	iː s a h a	1307	2699	Michael2022	V C V C V
4742	Zaparo	salt	ichahwa	ichahwa	i tʃ a hʷ a	None	Zaparoan	i tʃ a hʷ a	1307	2699	Beier2014	V C V C V
812	WitotoMinica	salt	ɯ́aiθaɯ	ɯ́aiθaɯ	ɯ a.i θ a.ɯ	None	Huitotoan	ɯ a.i θ a.ɯ	1316	2707	Huber2021	V V C V
1030	WitotoMurui	salt	ɯaiθaɯ	ɯaiθaɯ	ɯ a.i θ a.ɯ	None	Huitotoan	ɯ a.i θ a.ɯ	1316	2707	Huber2021	V V C V
1237	WitotoNipode	salt	ɯ́aitaɯ	ɯ́aitaɯ	ɯ a.i t a.ɯ	None	Huitotoan	ɯ a.i t a.ɯ	1316	2707	Huber2021	V V C V
2852	AchuarShiwiar	salt	wee	wee	w ɨː	None	Chicham	w ɨː	1306	2698	Fast2008	C V
4866	Aguaruna	salt	wɨɨ́	wɨɨ́	w ɨː	None	Chicham	w ɨː	1306	2698	Overall2007	C V
3650	Shuar	salt	wee	wee	w ɨː	This is the term for sa; (de vertiente Amazonica). Here is the name for sal (del mar): kachi	Chicham	w ɨː	1306	2698	Pellizzaro2005	C V
4200	Wampis	salt	wee	wee	w ɨː	None	Chicham	w ɨː	1306	2698	Peña2023	C V
2359	Bora	sand	nékʷa-jɯ́ɯ́ʔa	nékʷa-jɯ́ɯ́ʔa	n ɛ kʷ a + j ɯː ʔ a	stone-grains	Boran	n ɛ kʷ a + j ɯː ʔ a -	1325	2723 2724	Seifart2024	C V C V + C V C V
2360	Muinane	sand	híínɨgai-jɨʔai	híínɨgai-jɨʔai	n ɨ g a.i + j ɨ ʔ a i	None	Boran	n ɨ g a.i + j ɨ ʔ a i	1325	2723 2724	Seifart2024	C V C V + C V C V V
2358	Proto-Bora-Muinane	sand	ngai-jɨʔai	ngai-jɨʔai	n g a.i + j ɨ ʔ a i	None	Boran	n - g a.i + j ɨ ʔ a i	1325	2723 2724	Seifart2024	C C V + C V C V V
4868	AchuarShiwiar	sand	yaikim	yaikim	j a i k i m	None	Chicham	j a i k i m	1322	2720	Fast2008	C V V C V C
4867	Shuar	sand	jaikim	jaikim	j a i k i m	None	Chicham	j a i k i m	1322	2720	Pellizzaro2005	C V V C V C
4202	Wampis	sand	yaikim	yaikim	j a i k i m	None	Chicham	j a i k i m	1322	2720	Peña2023	C V V C V C
875	WitotoMinica	say	dáɯde	dáɯde	d a.ɯ + d e	None	Huitotoan	d a.ɯ + d e	1133	245 244	Huber2021	C V + C V
1089	WitotoMurui	say	raite	raite	r a.i + t e	None	Huitotoan	r a.i + t e	1133	245 244	Huber2021	C V + C V
1294	WitotoNipode	say	dáɯde	dáɯde	d a.ɯ + d e	None	Huitotoan	d a.ɯ + d e	1133	245 244	Huber2021	C V + C V
517	Ocaina	sea (ocean)	maan̥ɯ	maan̥ɯ	m aː n̥ ɯ	None	Huitotoan	m aː n̥ ɯ - -	1369	2790	Huber2021	C V C V
1109	WitotoMurui	sea (ocean)	monaiʤai	monaiʤai	m o n a.i dʒ a.i	maybe dawn-CLF:CRAFT	Huitotoan	m o n a.i dʒ a.i	1369	2790	Huber2021	C V C V C V
1313	WitotoNipode	sea (ocean)	monáiʤai	monáiʤai	m o n a.i dʒ a.i	None	Huitotoan	m o n a.i dʒ a.i	1369	2790	Huber2021	C V C V C V
1474	Aguaruna	sea (ocean)	najants	najants	n a j a + n ts	None	Chicham	n a j a + n ts -	3576	900 2785	Johansson2021	C V C V + C C
3653	Shuar	sea (ocean)	nayants	nayants	n a j a + n ts	None	Chicham	n a j a + n ts -	3576	900 2785	Pellizzaro2005	C V C V + C C
4199	Wampis	sea (ocean)	nayantsa	nayantsa	n a j a + n ts a	Lexicalized compound naya 'big, tall' + entsa 'river'	Chicham	n a j a + n ts a	3576	900 2785	Peña2023	C V C V + C C V
2583	Bora	sea (ocean)	moóa	moóa	m o.o a	None	Boran	m o.o a	1368	2789	Seifart2024	C V V
2584	Muinane	sea (ocean)	múúai	múúai	m u.u a.i	None	Boran	m u.u a.i	1368	2789	Seifart2024	C V V
2582	Proto-Bora-Muinane	sea (ocean)	muuai	muuai	m u.u a.i	None	Boran	m u.u a.i	1368	2789	Seifart2024	C V V
1610	Arabela	see	nikwiniu	nikwiniu	n i k i n iu	None	Zaparoan	n i k i n iu	1387	2819	Johansson2021	C V C V C V
124	Iquito	see	nikíini	nikíini	n i k iː n i	see	Zaparoan	n i k iː n i	1387	2819	Michael2022	C V C V C V
4746	Zaparo	see	nukinyu	nukinyu	n u k i ɲ u	None	Zaparoan	n u k i ɲ u	1387	2819	Beier2014	C V C V C V
864	WitotoMinica	see	kɯóde	kɯóde	k ɯ o + d e	None	Huitotoan	k ɯ o + d e	1407	2841 254	Huber2021	C V V + C V
1076	WitotoMurui	see	kɯode	kɯode	k ɯ o + d e	None	Huitotoan	k ɯ o + d e	1407	2841 254	Huber2021	C V V + C V
1283	WitotoNipode	see	kɯóde	kɯóde	k ɯ o + d e	None	Huitotoan	k ɯ o + d e	1407	2841 254	Huber2021	C V V + C V
2505	Bora	see	ahtʰʲɯ́mɨ	ahtʰʲɯ́mɨ	a h.tʰʲ ɯ m ɨ	None	Boran	a h.tʰʲ ɯ m ɨ	1388	2820	Seifart2024	V C V C V
2506	Muinane	see	áttʲɨ́me-	áttʲɨ́me-	a t.tʲ ɨ m e	None	Boran	a t.tʲ ɨ m e	1388	2820	Seifart2024	V C V C V
2504	Proto-Bora-Muinane	see	aittɨme	aittɨme	a.i t.t ɨ m e	None	Boran	a.i t.t ɨ m e	1388	2820	Seifart2024	V C V C V
929	WitotoMinica	sharp (as knife)	háirede	háirede	h a.i + ɾ e + d e	None	Huitotoan	h a.i + ɾ e + d e	1444	2895 259 286	Huber2021	C V + C V + C V
1136	WitotoMurui	sharp (as knife)	hairede	hairede	h a.i + r e + d e	None	Huitotoan	h a.i + r e + d e	1444	2895 259 286	Huber2021	C V + C V + C V
1341	WitotoNipode	sharp (as knife)	haírede	haírede	h a.i + ɾ e + d e	None	Huitotoan	h a.i + ɾ e + d e	1444	2895 259 286	Huber2021	C V + C V + C V
2861	AchuarShiwiar	short	sútarach	sútarach	s u t a r a tʃ	None	Chicham	s u t a r a tʃ	1447	2904	Fast2008	C V C V C V C
1478	Aguaruna	short	sutag	sutag	s ʊ t a ŋ	None	Chicham	s ʊ t a ŋ - -	1447	2904	Johansson2021	C V C V C
3657	Shuar	short	sútarach’	sútarach’	s u t a ɾ a tʃˀ	Because it is not the most general meaning, here is the variant: sumpit	Chicham	s u t a ɾ a tʃˀ	1447	2904	Pellizzaro2005	C V C V C V C
4089	Wampis	short	sutar	sutar	s u t a r	None	Chicham	s u t a r - -	1447	2904	Peña2023	C V C V C
2864	AchuarShiwiar	skin (person's)	nuwáp	nuwáp	n u w a p	None	Chicham	n u w a p -	1487	2957	Fast2008	C V C V C
3660	Shuar	skin (person's)	nuápe	nuápe	n u a p ɨ	None	Chicham	n u - a p ɨ	1487	2957	Pellizzaro2005	C V V C V
4117	Wampis	skin (person's)	nuap	nuap	n u a p	None	Chicham	n u - a p -	1487	2957	Peña2023	C V V C
784	WitotoMinica	sky	móna	móna	m o n a	None	Huitotoan	m o n a	1504	2984	Huber2021	C V C V
1001	WitotoMurui	sky	mona	mona	m o n a	None	Huitotoan	m o n a	1504	2984	Huber2021	C V C V
1207	WitotoNipode	sky	móna	móna	m o n a	None	Huitotoan	m o n a	1504	2984	Huber2021	C V C V
2865	AchuarShiwiar	sky	nayáim	nayáim	n a j a.i m	Phonological alternation: yayáim	Chicham	n a j a.i m -	1495	2971	Fast2008	C V C V C
1480	Aguaruna	sky	najaim	najaim	n a j ɛ.i m	None	Chicham	n a j ɛ.i m -	1495	2971	Johansson2021	C V C V C
3661	Shuar	sky	nayáimp’	nayáimp’	n a j e.i m pˀ	None	Chicham	n a j e.i m pˀ	1495	2971	Pellizzaro2005	C V C V C C
4207	Wampis	sky	nayaim	nayaim	n a j a.i m	None	Chicham	n a j a.i m -	1495	2971	Peña2023	C V C V C
2341	Bora	sky	níhkʰʲe-hɨ	níhkʰʲe-hɨ	n i h.kʰʲ ɛ + h ɨ	None	Boran	n i h.kʰʲ ɛ + h ɨ	1498	2975 2976	Seifart2024	C V C V + C V
2342	Muinane	sky	níkke-he	níkke-he	n i k.k e + h e	None	Boran	n i k.k e + h e	1498	2975 2976	Seifart2024	C V C V + C V
2340	Proto-Bora-Muinane	sky	nikko-he	nikko-he	n i k.k o + h e	None	Boran	n i k.k o + h e	1498	2975 2976	Seifart2024	C V C V + C V
1616	Arabela	sleep	makwenu	makwenu	m a k uɨ n u	None	Zaparoan	m a k uɨ n u	1523	3011	Johansson2021	C V C V C V
133	Iquito	sleep	makɨ́ɨni	makɨ́ɨni	m a k ɨː n i	sleep	Zaparoan	m a k ɨː n i	1523	3011	Michael2022	C V C V C V
4753	Zaparo	sleep	makɨnu	makɨnu	m a k ɨ n u	None	Zaparoan	m a k ɨ n u	1523	3011	Beier2014	C V C V C V
867	WitotoMinica	sleep	ɯnɯ́de	ɯnɯ́de	ɯ n ɯ + d e	None	Huitotoan	ɯ n ɯ + d e	1536	3024 335	Huber2021	V C V + C V
1081	WitotoMurui	sleep	ɯnɯde	ɯnɯde	ɯ n ɯ + d e	None	Huitotoan	ɯ n ɯ + d e	1536	3024 335	Huber2021	V C V + C V
1286	WitotoNipode	sleep	ɯnɯ́de	ɯnɯ́de	ɯ n ɯ + d e	None	Huitotoan	ɯ n ɯ + d e	1536	3024 335	Huber2021	V C V + C V
2511	Bora	sleep	kʰɯkʷa	kʰɯkʷa	kʰ ɯ kʷ a	None	Boran	kʰ ɯ kʷ a	1524	3012	Seifart2024	C V C V
2512	Muinane	sleep	kɨ́ga-	kɨ́ga-	k ɨ g a	None	Boran	k ɨ g a	1524	3012	Seifart2024	C V C V
2510	Proto-Bora-Muinane	sleep	kɨga	kɨga	k ɨ g a	None	Boran	k ɨ g a	1524	3012	Seifart2024	C V C V
1618	Arabela	smoke (of fire)	naj̃aka	naj̃aka	n a h a k a	None	Zaparoan	- n a h a k a	1568	3073	Johansson2021	C V C V C V
136	Iquito	smoke (of fire)	anajaka	anajaka	a n a h a k a	smoke	Zaparoan	a n a h a k a	1568	3073	Michael2022	V C V C V C V
4756	Zaparo	smoke (of fire)	ahanaka	ahanaka	a n a h a k a	None	Zaparoan	a n a h a k a	1568	3073	Beier2014	V C V C V C V
783	WitotoMinica	smoke (of fire)	úiʤɯe	úiʤɯe	ui + dʒ ɯ + e	None	Huitotoan	ui + dʒ ɯ + e	1579	3083 341 342	Huber2021	V + C V + V
1000	WitotoMurui	smoke (of fire)	uiʤɯe	uiʤɯe	ui + dʒ ɯ + e	None	Huitotoan	ui + dʒ ɯ + e	1579	3083 341 342	Huber2021	V + C V + V
1206	WitotoNipode	smoke (of fire)	úiʤɯe	úiʤɯe	ui + dʒ ɯ + e	None	Huitotoan	ui + dʒ ɯ + e	1579	3083 341 342	Huber2021	V + C V + V
2869	AchuarShiwiar	smoke (of fire)	mukúnit	mukúnit	m u k u n	None	Chicham	m u k u n	1566	3071	Fast2008	C V C V C
3664	Shuar	smoke (of fire)	mukuíntiu	mukuíntiu	m u k u.i n	None	Chicham	m u k u.i n	1566	3071	Pellizzaro2005	C V C V C
4209	Wampis	smoke (of fire)	mukuin	mukuin	m u k u.i n	None	Chicham	m u k u.i n	1566	3071	Peña2023	C V C V C
933	WitotoMinica	smooth	rɯ́ɯrede	rɯ́ɯrede	ɾ ɯː + ɾ e + d e	None	Huitotoan	ɾ ɯː + ɾ e + d e	1600	3112 343 344	Huber2021	C V + C V + C V
1140	WitotoMurui	smooth	rɯhɯrede	rɯhɯrede	r ɯ.h.ɯ + r e + d e	None	Huitotoan	r ɯ.h.ɯ + r e + d e	1600	3112 343 344	Huber2021	C V + C V + C V
1345	WitotoNipode	smooth	rɯ́ɯrede	rɯ́ɯrede	ɾ ɯː + ɾ e + d e	None	Huitotoan	ɾ ɯː + ɾ e + d e	1600	3112 343 344	Huber2021	C V + C V + C V
796	WitotoMinica	snake	háio	háio	h ai + o	None	Huitotoan	h ai + o	1618	3137 2456	Huber2021	C V + V
1014	WitotoMurui	snake	haio	haio	h ai + o	None	Huitotoan	h ai + o	1618	3137 2456	Huber2021	C V + V
1219	WitotoNipode	snake	háio	háio	h ai + o	None	Huitotoan	h ai + o	1618	3137 2456	Huber2021	C V + V
2368	Bora	snake	ííɲimʲe	ííɲimʲe	iː + ɲ i + mʲ ɛ	None	Boran	iː + ɲ i + mʲ ɛ	1607	3126 346 345	Seifart2024	V + C V + C V
2369	Muinane	snake	híinimo	híinimo	h.iː + n i + m o	None	Boran	h.iː + n i + m o	1607	3126 346 345	Seifart2024	C + C V + C V
2367	Proto-Bora-Muinane	snake	hiinimo	hiinimo	h.iː + n i + m o	None	Boran	h.iː + n i + m o	1607	3126 346 345	Seifart2024	C + C V + C V
2871	AchuarShiwiar	snake	nápi	nápi	n a p i	None	Chicham	n a p i	1606	3125	Fast2008	C V C V
3666	Shuar	snake	napi	napi	n a p i	None	Chicham	n a p i	1606	3125	Pellizzaro2005	C V C V
4105	Wampis	snake	napi	napi	n a p i	None	Chicham	n a p i	1606	3125	Peña2023	C V C V
371	Ocaina	star	oʔxóóʔtʲo	oʔxóóʔtʲo	o.ʔ x oː.ʔ + tʲ o	None	Huitotoan	o.ʔ x oː.ʔ + tʲ o	1653	3180 378	Huber2021	V C V + C V
787	WitotoMinica	star	ukúdu	ukúdu	u k u + d u	None	Huitotoan	u k u + d u	1653	3180 378	Huber2021	V C V + C V
1005	WitotoMurui	star	ukudu	ukudu	u k u + d u	None	Huitotoan	u k u + d u	1653	3180 378	Huber2021	V C V + C V
1210	WitotoNipode	star	ukúdo	ukúdo	u k u + d o	None	Huitotoan	u k u + d o	1653	3180 378	Huber2021	V C V + C V
2877	AchuarShiwiar	star	yaa	yaa	j aː	None	Chicham	j aː	1642	3169	Fast2008	C V
1488	Aguaruna	star	jaja	jaja	j a.j.a	None	Chicham	j a.j.a	1642	3169	Johansson2021	C V
3673	Shuar	star	yáa	yáa	j aː	None	Chicham	j aː	1642	3169	Pellizzaro2005	C V
4194	Wampis	star	yaa	yaa	j aː	None	Chicham	j aː	1642	3169	Peña2023	C V
2347	Bora	star	mɨ́ɨ́kʰɯ́rɯ-kʷa	mɨ́ɨ́kʰɯ́rɯ-kʷa	m ɨ ɨ kʰ ɯ ɾ ɯ + kʷ a	None	Boran	m ɨ ɨ kʰ ɯ ɾ ɯ + kʷ a	1645	3171 3172	Seifart2024	C V V C V C V + C V
2348	Muinane	star	méékɨrɨ-gai	méékɨrɨ-gai	m e e k ɨ r ɨ + g a.i	None	Boran	m e e k ɨ r ɨ + g a.i	1645	3171 3172	Seifart2024	C V V C V C V + C V
2346	Proto-Bora-Muinane	star	meekɨrɨ-gai	meekɨrɨ-gai	m e e k ɨ r ɨ + g a.i	None	Boran	m e e k ɨ r ɨ + g a.i	1645	3171 3172	Seifart2024	C V V C V C V + C V
399	Ocaina	stick (of wood)	dʲatʲooɸo	dʲatʲooɸo	dʲ a + tʲ oː ɸ o	None	Huitotoan	dʲ a + tʲ oː ɸ o	1673	3210 410	Huber2021	C V + C V C V
808	WitotoMinica	stick (of wood)	radóθi	radóθi	ɾ a + d o θ i	None	Huitotoan	ɾ a + d o θ i	1673	3210 410	Huber2021	C V + C V C V
1026	WitotoMurui	stick (of wood)	radoθi	radoθi	r a + d o θ i	None	Huitotoan	r a + d o θ i	1673	3210 410	Huber2021	C V + C V C V
1234	WitotoNipode	stick (of wood)	radóti	radóti	ɾ a + d o t i	None	Huitotoan	ɾ a + d o t i	1673	3210 410	Huber2021	C V + C V C V
400	Ocaina	stick (of wood)	am̥ɯ̃ɯ̃ɲ̥a	am̥ɯ̃ɯ̃ɲ̥a	a m̥ ɯɯ ɲ̥ a	None	Huitotoan	a m̥ ɯɯ ɲ̥ a	1685	3224	Huber2021	V C V C V
809	WitotoMinica	stick (of wood)	aména	aména	a m e n a	None	Huitotoan	a m e n a	1685	3224	Huber2021	V C V C V
1027	WitotoMurui	stick (of wood)	amena	amena	a m e n a	None	Huitotoan	a m e n a	1685	3224	Huber2021	V C V C V
807	WitotoMinica	stick (of wood)	ráda	ráda	ɾ a + d a	None	Huitotoan	ɾ a + d a	1672	3210 409	Huber2021	C V + C V
1025	WitotoMurui	stick (of wood)	rada	rada	r a + d a	None	Huitotoan	r a + d a	1672	3210 409	Huber2021	C V + C V
1233	WitotoNipode	stick (of wood)	ráda	ráda	ɾ a + d a	None	Huitotoan	ɾ a + d a	1672	3210 409	Huber2021	C V + C V
2389	Bora	stick (of wood)	ɯ́mé-ʔe-i	ɯ́mé-ʔe-i	ɯ m ɛ + ʔ ɛ.i	None	Boran	ɯ m ɛ + ʔ ɛ.i	1669	3207 3212	Seifart2024	V C V + C V
2390	Muinane	stick (of wood)	ɨ́mee-ʔi	ɨ́mee-ʔi	ɨ m eː + ʔ i	None	Boran	ɨ m eː + ʔ i	1669	3207 3212	Seifart2024	V C V + C V
2388	Proto-Bora-Muinane	stick (of wood)	ɨmoo-ʔi	ɨmoo-ʔi	ɨ m oː + ʔ i	None	Boran	ɨ m oː + ʔ i	1669	3207 3212	Seifart2024	V C V + C V
2878	AchuarShiwiar	stick (of wood)	númi	númi	n u m i	Phonological alternation: yúmi	Chicham	n u m i	1668	3206	Fast2008	C V C V
4878	Aguaruna	stick (of wood)	númi	númi	n u m i	None	Chicham	n u m i	1668	3206	Paati2020	C V C V
3674	Shuar	stick (of wood)	numi	numi	n u m i	None	Chicham	n u m i	1668	3206	Pellizzaro2005	C V C V
4109	Wampis	stick (of wood)	numi	numi	n u m i	None	Chicham	n u m i	1668	3206	Peña2023	C V C V
2953	Andoa	stone	tasayjyá	tasayjyá	t a s ai h ia	None	Zaparoan	t a s ai h ia	1689	3243	Michael2009	C V C V C V
1623	Arabela	stone	saaj̃ia	saaj̃ia	s aː h ia	None	Zaparoan	- - s aː h ia	1689	3243	Johansson2021	C V C V
148	Iquito	stone	sawija	sawija	s a.w.i h a	stone	Zaparoan	- - s a.w.i h a	1689	3243	Michael2022	C V C V
792	WitotoMinica	stone	noɸɯkɯ	noɸɯkɯ	n o ɸ ɯ + k ɯ	None	Huitotoan	n o ɸ ɯ + k ɯ	1703	3257 412	Huber2021	C V C V + C V
1010	WitotoMurui	stone	noɸɯkɯ	noɸɯkɯ	n o ɸ ɯ + k ɯ	None	Huitotoan	n o ɸ ɯ + k ɯ	1703	3257 412	Huber2021	C V C V + C V
1214	WitotoNipode	stone	nopɯkɯ	nopɯkɯ	n o p ɯ + k ɯ	None	Huitotoan	n o p ɯ + k ɯ	1703	3257 412	Huber2021	C V C V + C V
2879	AchuarShiwiar	stone	káya	káya	k a j a	None	Chicham	k a j a	1688	3241	Fast2008	C V C V
1489	Aguaruna	stone	kaja	kaja	k a j a	None	Chicham	k a j a	1688	3241	Johansson2021	C V C V
3675	Shuar	stone	kaya	kaya	k a j a	None	Chicham	k a j a	1688	3241	Pellizzaro2005	C V C V
4201	Wampis	stone	kaya	kaya	k a j a	None	Chicham	k a j a	1688	3241	Peña2023	C V C V
2880	AchuarShiwiar	straight	túpin	túpin	t u p i n	None	Chicham	- - t u p i n	1709	3270	Fast2008	C V C V C
1490	Aguaruna	straight	tutupit	tutupit	t ʊ t ʊ p i t	None	Chicham	t ʊ t ʊ p i t	1709	3270	Johansson2021	C V C V C V C
4879	Shuar	straight	tutúpnik	tutúpnik	t u t u p n	None	Chicham	t u t u p - n	1709	3270	Pellizzaro2005	C V C V C C
4230	Wampis	straight	tutupin	tutupin	t u t u p i n	None	Chicham	t u t u p i n	1709	3270	Peña2023	C V C V C V C
2648	Bora	straight	ʦʰa-tʰɯ́hkʰe-βe	ʦʰa-tʰɯ́hkʰe-βe	tsʰ a + tʰ ɯ h.kʰ ɛ + β ɛ	None	Boran	tsʰ a + tʰ ɯ h.kʰ ɛ + β ɛ	1711	3272 3273 3274	Seifart2024	C V + C V C V + C V
2649	Muinane	straight	sá-tɨ́kko-βo	sá-tɨ́kko-βo	s a + t ɨ k.k o + β o	None	Boran	s a + t ɨ k.k o + β o	1711	3272 3273 3274	Seifart2024	C V + C V C V + C V
2647	Proto-Bora-Muinane	straight	ʦa-tɨkko-βo	ʦa-tɨkko-βo	ts a + t ɨ k.k o + β o	None	Boran	ts a + t ɨ k.k o + β o	1711	3272 3273 3274	Seifart2024	C V + C V C V + C V
786	WitotoMinica	sun	hitóma	hitóma	h i t o m a	None	Huitotoan	h i t o m a	1752	3320	Huber2021	C V C V C V
1004	WitotoMurui	sun	hitoma	hitoma	h i t o m a	None	Huitotoan	h i t o m a	1752	3320	Huber2021	C V C V C V
1209	WitotoNipode	sun	hiɗóma	hiɗóma	h i ɗ o m a	None	Huitotoan	h i ɗ o m a	1752	3320	Huber2021	C V C V C V
2882	AchuarShiwiar	sun	tsaa	etsáa	ɨ ts aː	Phonolotical alternation: tsaa	Chicham	- ɨ ts aː	1728	3299	Fast2008	V C V
1492	Aguaruna	sun	ɨtsa	ɨtsa	ɨ ts a	None	Chicham	- ɨ ts a	1728	3299	Johansson2021	V C V
3250	Coeruna	sun	äócke	äócke	a o k e	Martius: sol	Huitotoan	a o k e	1728	3299	Martius1867	V V C V
4880	Shuar	sun	etsa	etsa	ɨ ts a	Para decir sol, se prefiere el tér- mino “tsawái nantu” (astro del día).	Chicham	- ɨ ts a	1728	3299	Pellizzaro2005	V C V
4193	Wampis	sun	etsa	etsa	ɨ ts a	None	Chicham	- ɨ ts a	1728	3299	Peña2023	V C V
2344	Bora	sun	nɯʔpa	nɯʔpa	n ɯ ʔ p a	None	Boran	n ɯ ʔ p a	1733	3301	Seifart2024	C V C C V
2345	Muinane	sun	nɨ́ʔɨba	nɨ́ʔɨba	n ɨ ʔ.ɨ b a	None	Boran	n ɨ ʔ.ɨ b a	1733	3301	Seifart2024	C V C C V
2343	Proto-Bora-Muinane	sun	nɨʔba	nɨʔba	n ɨ ʔ b a	None	Boran	n ɨ ʔ b a	1733	3301	Seifart2024	C V C C V
2884	AchuarShiwiar	tail	juké̃	juké̃	u h u k ɨ	Phonolotical alternation: juké̃	Chicham	u h u k ɨ	1759	3338	Fast2008	V C V C V
1494	Aguaruna	tail	uhukɨ	uhukɨ	ʊ h ʊ k ɨ	None	Chicham	ʊ h ʊ k ɨ	1759	3338	Johansson2021	V C V C V
3681	Shuar	tail	ujuke	ujuke	u h u k ɨ	None	Chicham	u h u k ɨ	1759	3338	Pellizzaro2005	V C V C V
4123	Wampis	tail	ujuke	ujuke	u h u k ɨ	ujukV + possessión	Chicham	u h u k ɨ	1759	3338	Peña2023	V C V C V
2885	AchuarShiwiar	that	nu	nu	n u	None	Chicham	- n u	1777	3366	Fast2008	C V
1495	Aguaruna	that	anu	anu	a n ʊ	None	Chicham	a n ʊ	1777	3366	Johansson2021	V C V
1743	Candoshi-Shapra	that	ini	ini	i n i	None	Isolate	i n i	1777	3366	Johansson2021	V C V
3682	Shuar	that	nu	nu	n u	None	Chicham	- n u	1777	3366	Pellizzaro2005	C V
2103	Taushiro	that	ni	ni	n i	None	Isolate	- n i	1777	3366	Johansson2021	C V
3969	Urarina	that	n̪ĩĩ́	n̪ĩĩ́	n iː	None	Isolate	- n iː	1777	3366	Peña2023	C V
4881	Wampis	that	nu	nu	n u	nu 'that (not visible)' , au 'that (visible)'.	Chicham	- n u	1777	3366	Peña2023	C V
892	WitotoMinica	there	hadɯ́	hadɯ́	h a + d ɯ	None	Huitotoan	h a + d ɯ	2641	455 453	Huber2021	C V + C V
1103	WitotoMurui	there	hadɯ	hadɯ	h a + d ɯ	None	Huitotoan	h a + d ɯ	2641	455 453	Huber2021	C V + C V
1309	WitotoNipode	there	hadɯ́	hadɯ́	h a + d ɯ	None	Huitotoan	h a + d ɯ	2641	455 453	Huber2021	C V + C V
2886	AchuarShiwiar	there	áni	áni	a n i	None	Chicham	a n - i	1792	3394	Fast2008	V C V
1496	Aguaruna	there	anui	anui	a n ʊ i	None	Chicham	a n ʊ i	1792	3394	Johansson2021	V C V V
3683	Shuar	there	nuí	nuí	n u i	None	Chicham	- n u i	1792	3394	Pellizzaro2005	C V V
4065	Wampis	there	nui	nui	n u i	From nu 'that' + i 'loc'	Chicham	- n u i	1792	3394	Peña2023	C V V
2571	Bora	there	éé-ne	éé-ne	ɛː + n ɛ	None	Boran	ɛː + n ɛ	1794	3396 3397	Seifart2024	V + C V
2572	Muinane	there	óó-no	óó-no	oː + n o	None	Boran	oː + n o	1794	3396 3397	Seifart2024	V + C V
2570	Proto-Bora-Muinane	there	oo-no	oo-no	oː + n o	None	Boran	oː + n o	1794	3396 3397	Seifart2024	V + C V
4882	AchuarShiwiar	they	nitʲá	nitʲá	n i + tʲ a	None	Chicham	n i + tʲ a	1809	3426 490	Kohlberger2020	C V + C V
1497	Aguaruna	they	dita	dita	d i + t a	None	Chicham	d i + t a	1809	3426 490	Johansson2021	C V + C V
2425	Bora	they	tií-tʰʲe	tií-tʰʲe	t iː + tʰʲ ɛ	None	Boran	t iː + tʰʲ ɛ	1809	3426 490	Seifart2024	C V + C V
2426	Muinane	they	díí-to	díí-to	d iː + t o	None	Boran	d iː + t o	1809	3426 490	Seifart2024	C V + C V
2424	Proto-Bora-Muinane	they	dii-to	dii-to	d iː + t o	None	Boran	d iː + t o	1809	3426 490	Seifart2024	C V + C V
4061	Wampis	they	nita	nita	n i + t a	None	Chicham	n i + t a	1809	3426 490	Peña2023	C V + C V
4541	Yanesha	they	ɲet	ɲet	ɲ e + t	None	Arawakan	ɲ e + t -	1809	3426 490	Peña2024	C V + C
2887	AchuarShiwiar	they	ni	ni	n i	Form when the adressee is ausent. Rarely used form: aníta	Chicham	n i	1808	3426	Fast2008	C V
1744	Candoshi-Shapra	they	tʃija	tʃija	tʃ i.j.a	None	Isolate	tʃ i.j.a	1808	3426	Johansson2021	C V
3685	Shuar	they	nii	nii	n iː	feminine	Chicham	n iː	1808	3426	Pellizzaro2005	C V
924	WitotoMinica	thick	hédakɯede	hédakɯede	h e d a k ɯ + e + d e	None	Huitotoan	h e d a k ɯ + e + d e	1832	3475 492 491	Huber2021	C V C V C V + V + C V
1131	WitotoMurui	thick	hedakɯede	hedakɯede	h e d a k ɯ + e + d e	None	Huitotoan	h e d a k ɯ + e + d e	1832	3475 492 491	Huber2021	C V C V C V + V + C V
1336	WitotoNipode	thick	hédakɯede	hédakɯede	h e d a k ɯ + e + d e	None	Huitotoan	h e d a k ɯ + e + d e	1832	3475 492 491	Huber2021	C V C V C V + V + C V
1498	Aguaruna	thick	kampuham	kampuham	k a m p ʊ + h a m	None	Chicham	k a m p ʊ + h a m	1822	3467 943	Johansson2021	C V C C V + C V C
3686	Shuar	thick	kámpuram	kámpuram	k a m p u + ɾ a m	None	Chicham	k a m p u + ɾ a m	1822	3467 943	Pellizzaro2005	C V C C V + C V C
4086	Wampis	thick	kampuram	kampuram	k a m p u + r a m	kampu + rama 'adjectivizer'	Chicham	k a m p u + r a m	1822	3467 943	Peña2023	C V C C V + C V C
925	WitotoMinica	thin	ʤɯ́aɯde	ʤɯ́aɯde	dʒ ɯ a.ɯ + d e	None	Huitotoan	dʒ ɯ a.ɯ + d e	1861	3508 1713	Huber2021	C V V + C V
1132	WitotoMurui	thin	ʤɯaɯde	ʤɯaɯde	dʒ ɯ a.ɯ + d e	None	Huitotoan	dʒ ɯ a.ɯ + d e	1861	3508 1713	Huber2021	C V V + C V
1337	WitotoNipode	thin	ʤɯ́aɯde	ʤɯ́aɯde	dʒ ɯ a.ɯ + d e	None	Huitotoan	dʒ ɯ a.ɯ + d e	1861	3508 1713	Huber2021	C V V + C V
2890	AchuarShiwiar	thin	watsáru	watsáru	w a ts a r u	None	Chicham	w a ts a r u	1842	3493	Fast2008	C V C V C V
4886	Aguaruna	thin	watsajú	watsajú	w a ts a h u	None	Chicham	w a ts a h u	1842	3493	Paati2020	C V C V C V
4884	Shuar	thin	watsarú	watsarú	w a ts a r u	Nope	Chicham	w a ts a r u	1842	3493	Pellizzaro2005	C V C V C V
2892	AchuarShiwiar	this	jũ	jũ	h u	None	Chicham	h u	1866	3520	Fast2008	C V
1501	Aguaruna	this	juu	juu	j ʊː	None	Chicham	j ʊː	1866	3520	Johansson2021	C V
2446	Proto-Bora-Muinane	this	hi-	hi-	h i	None	Boran	h i	1866	3520	Seifart2024	C V
651	Resigaro	this	hí	hí	h i	None	Arawakan	h i	1866	3520	Huber2021	C V
3689	Shuar	this	ju	ju	h u	None	Chicham	h u	1866	3520	Pellizzaro2005	C V
4062	Wampis	this	ju	ju	h u	None	Chicham	h u	1866	3520	Peña2023	C V
1657	Arabela	thou	kwia	kwia	kʲ a	None	Zaparoan	kʲ a	1886	3553	Johansson2021	C V
162	Iquito	thou	kiaa=	kiaa=	kʲ aː	None	Zaparoan	kʲ aː	1886	3553	Michael2022	C V
4771	Zaparo	thou	chaha	chaha	tʃ a.h.a	Short form: cha	Zaparoan	tʃ a.h.a	1886	3553	Beier2014	C V
414	Ocaina	thou	õ	õ	o	None	Huitotoan	o	1892	3559	Huber2021	V
821	WitotoMinica	thou	o	o	o	None	Huitotoan	o	1892	3559	Huber2021	V
1038	WitotoMurui	thou	o	o	o	None	Huitotoan	o	1892	3559	Huber2021	V
1244	WitotoNipode	thou	o	o	o	None	Huitotoan	o	1892	3559	Huber2021	V
2893	AchuarShiwiar	thou	ámẽ	ámẽ	a m ɨ	None	Chicham	a m ɨ	1885	3552	Fast2008	V C V
1522	Aguaruna	thou	amɨ	amɨ	a m ɨ	None	Chicham	a m ɨ	1885	3552	Johansson2021	V C V
3690	Shuar	thou	ame	ame	a m ɨ	None	Chicham	a m ɨ	1885	3552	Pellizzaro2005	V C V
4057	Wampis	thou	ame	ame	a m ɨ	None	Chicham	a m ɨ	1885	3552	Peña2023	V C V
2894	AchuarShiwiar	three	kampátam	kampátam	k a m p a t a m	None	Chicham	k a m p a t a m	1901	3581	Fast2008	C V C C V C V C
1502	Aguaruna	three	kampatum	kampatum	k a m p a t ʊ m	None	Chicham	k a m p a t ʊ m	1901	3581	Johansson2021	C V C C V C V C
4079	Wampis	three	kampatum	kampatum	k a m p a t u m	None	Chicham	k a m p a t u m	1901	3581	Peña2023	C V C C V C V C
1531	Arabela	to bite	saaniu	saaniu	s aː n i u	None	Zaparoan	s aː n i u	1932	3620	Johansson2021	C V C V V
14	Iquito	to bite	sɨ́ɨni	sɨ́ɨni	s ɨː n i	bite	Zaparoan	s ɨː n i -	1932	3620	Michael2022	C V C V
4667	Zaparo	to bite	tsainyu	tsainyu	ts ai ɲ u	None	Zaparoan	ts ai ɲ u -	1932	3620	Beier2014	C V C V
862	WitotoMinica	to bite	aɯníde	aɯníde	a.ɯ n i + d e	None	Huitotoan	a.ɯ n i + d e	1939	3625 1730	Huber2021	V C V + C V
1075	WitotoMurui	to bite	aɯnide	aɯnide	a.ɯ n i + d e	None	Huitotoan	a.ɯ n i + d e	1939	3625 1730	Huber2021	V C V + C V
1281	WitotoNipode	to bite	aɯníde	aɯníde	a.ɯ n i + d e	None	Huitotoan	a.ɯ n i + d e	1939	3625 1730	Huber2021	V C V + C V
2502	Bora	to bite	ɨʔto	ɨʔto	ɨ.ʔ t o	None	Boran	ɨ.ʔ t o	1933	3621	Seifart2024	V C V
2503	Muinane	to bite	éédu-	éédu-	e.e d u	None	Boran	e.e d u	1933	3621	Seifart2024	V C V
2501	Proto-Bora-Muinane	to bite	eeʔdu-	eeʔdu-	e.e.ʔ d u	None	Boran	e.e.ʔ d u	1933	3621	Seifart2024	V C V
1539	Arabela	to come	niniu	niniu	n i n i.u	None	Zaparoan	- n i n i.u	1997	3707	Johansson2021	C V C V
25	Iquito	to come	aníini	aníini	a n iː n i	come	Zaparoan	a n iː n i	1997	3707	Michael2022	V C V C V
4673	Zaparo	to come	aninyu	aninyu	a n i ɲ u	None	Zaparoan	a n i ɲ u	1997	3707	Beier2014	V C V C V
873	WitotoMinica	to come	bíte	bíte	b i + t e	None	Huitotoan	b i + t e	2012	3721 1760	Huber2021	C V + C V
1087	WitotoMurui	to come	bite	bite	b i + t e	None	Huitotoan	b i + t e	2012	3721 1760	Huber2021	C V + C V
1292	WitotoNipode	to come	bíɗe	bíɗe	b i + ɗ e	None	Huitotoan	b i + ɗ e	2012	3721 1760	Huber2021	C V + C V
915	WitotoMinica	to cut	haitáde	haitáde	h a.i + t a + d e	None	Huitotoan	h a.i + t a + d e	593	1762 1763 3759	Huber2021	C V + C V + C V
1123	WitotoMurui	to cut	haitade	haitade	h a.i + t a + d e	None	Huitotoan	h a.i + t a + d e	593	1762 1763 3759	Huber2021	C V + C V + C V
1328	WitotoNipode	to cut	haiɗáde	haiɗáde	h a.i + ɗ a + d e	None	Huitotoan	h a.i + ɗ a + d e	593	1762 1763 3759	Huber2021	C V + C V + C V
944	WitotoMinica	to dig	ráɯte	ráɯte	ɾ a.ɯ + t e	None	Huitotoan	ɾ a.ɯ + t e	2084	3821 1766	Huber2021	C V + C V
1151	WitotoMurui	to dig	raɯte	raɯte	r a.ɯ + t e	None	Huitotoan	r a.ɯ + t e	2084	3821 1766	Huber2021	C V + C V
1357	WitotoNipode	to dig	ráɯɗe	ráɯɗe	ɾ a.ɯ + ɗ e	None	Huitotoan	ɾ a.ɯ + ɗ e	2084	3821 1766	Huber2021	C V + C V
1545	Arabela	to drink	ɾatunu	ɾatunu	r a t u n u	None	Zaparoan	r a t u n u	2092	3830	Johansson2021	C V C V C V
33	Iquito	to drink	raríini	raríini	r a r iː n i	drink	Zaparoan	r a r iː n i	2092	3830	Michael2022	C V C V C V
4678	Zaparo	to drink	ratunu	ratunu	r a t u n u	None	Zaparoan	r a t u n u	2092	3830	Beier2014	C V C V C V
2496	Bora	to drink	ato	ato	a t o	None	Boran	a t o	2094	3831	Seifart2024	V C V
2497	Muinane	to drink	ádu-	ádu-	a d u	None	Boran	a d u	2094	3831	Seifart2024	V C V
2495	Proto-Bora-Muinane	to drink	adu	adu	a d u	None	Boran	a d u	2094	3831	Seifart2024	V C V
857	WitotoMinica	to eat	rɯ́te	rɯ́te	ɾ ɯ + t e	'eat meat'	Huitotoan	ɾ ɯ + t e	595	1767 3882	Huber2021	C V + C V
1072	WitotoMurui	to eat	rɯte	rɯte	r ɯ + t e	None	Huitotoan	r ɯ + t e	595	1767 3882	Huber2021	C V + C V
1277	WitotoNipode	to eat	rɯ́ɗe	rɯ́ɗe	ɾ ɯ + ɗ e	None	Huitotoan	ɾ ɯ + ɗ e	595	1767 3882	Huber2021	C V + C V
2499	Bora	to eat	mahʧʰoó	mahʧʰoó	m a h.tʃʰ o.o	None	Boran	m a h.tʃʰ o.o	2119	3864	Seifart2024	C V C V
2500	Muinane	to eat	maʧʧú	maʧʧú	m a tʃ.tʃ u	None	Boran	m a tʃ.tʃ u	2119	3864	Seifart2024	C V C V
2498	Proto-Bora-Muinane	to eat	maʧʧu	maʧʧu	m a tʃ.tʃ u	None	Boran	m a tʃ.tʃ u	2119	3864	Seifart2024	C V C V
899	WitotoMinica	to flow	tóte	tóte	t o + t e	None	Huitotoan	t o + t e	2213	3992 1820	Huber2021	C V + C V
1108	WitotoMurui	to flow	tote	tote	t o + t e	None	Huitotoan	t o + t e	2213	3992 1820	Huber2021	C V + C V
1312	WitotoNipode	to flow	ɗóɗe	ɗóɗe	ɗ o + ɗ e	None	Huitotoan	ɗ o + ɗ e	2213	3992 1820	Huber2021	C V + C V
871	WitotoMinica	to fly	ɸéede	ɸéede	ɸ eː + d e	None	Huitotoan	ɸ eː + d e	2233	4011 1821	Huber2021	C V + C V
1085	WitotoMurui	to fly	ɸeede	ɸeede	ɸ eː + d e	None	Huitotoan	ɸ eː + d e	2233	4011 1821	Huber2021	C V + C V
1290	WitotoNipode	to fly	péede	péede	p eː + d e	None	Huitotoan	p eː + d e	2233	4011 1821	Huber2021	C V + C V
1571	Arabela	to hear	toj̃iniu	toj̃iniu	t o h i n iu	None	Zaparoan	t o h i n iu	2276	4066	Johansson2021	C V C V C V
69	Iquito	to hear	tuujíini	tuujíini	t uː h iː n i	hear or listen	Zaparoan	t uː h iː n i	2276	4066	Michael2022	C V C V C V
4702	Zaparo	to hear	tahwinyu	tahwinyu	t a hʷ i ɲ u	None	Zaparoan	t a hʷ i ɲ u	2276	4066	Beier2014	C V C V C V
865	WitotoMinica	to hear	kakáde	kakáde	k a k a + d e	None	Huitotoan	k a k a + d e	2284	4075 1823	Huber2021	C V C V + C V
1079	WitotoMurui	to hear	kakade	kakade	k a k a + d e	None	Huitotoan	k a k a + d e	2284	4075 1823	Huber2021	C V C V + C V
1284	WitotoNipode	to hear	kakáde	kakáde	k a k a + d e	None	Huitotoan	k a k a + d e	2284	4075 1823	Huber2021	C V C V + C V
2508	Bora	to hear	ʧeépo	ʧeépo	tʃ ɛ.ɛ p o	None	Boran	tʃ ɛ.ɛ p o	2277	4067	Seifart2024	C V C V
2509	Muinane	to hear	gúúbu-	gúúbu-	g u.u b u	None	Boran	g u.u b u	2277	4067	Seifart2024	C V C V
2507	Proto-Bora-Muinane	to hear	goobu-	goobu-	g o.o b u	None	Boran	g o.o b u	2277	4067	Seifart2024	C V C V
1575	Arabela	to hit	pi	pi	p i	None	Zaparoan	- p i - -	2302	4102	Johansson2021	C V
73	Iquito	to hit	aamúuni	aamúuni	aː m uː n i	hit or strike a living being	Zaparoan	aː m uː n i	2302	4102	Michael2022	V C V C V
4706	Zaparo	to hit	apinyu	apinyu	a p i ɲ u	None	Zaparoan	a p i ɲ u	2302	4102	Beier2014	V C V C V
1819	Chayahuita	to hit	awɨɾin	awɨɾin	a w ɨ ɾ i n	None	Cahuapanan	a w ɨ ɾ i n	2295	4098	Johansson2021	V C V C V C
3604	Shuar	to hit	awat-’	awat-’	a w a tˀ	None	Chicham	a w a tˀ - -	2295	4098	Pellizzaro2005	V C V C
2063	Taushiro	to hit	awɨn	awɨn	a w ɨ n	None	Isolate	a w ɨ n - -	2295	4098	Johansson2021	V C V C
2726	Bora	to hunt (game)	tʰaaβa	tʰaaβa	tʰ a.a β a	None	Boran	tʰ a.a β a	2327	4145	Seifart2024	C V C V
2725	Proto-Bora-Muinane	to hunt (game)	taaβa	taaβa	t a.a β a	None	Boran	t a.a β a	2327	4145	Seifart2024	C V C V
4377	Yagua	to hunt (game)	dapu	dapu	d a p u	None	Peba-Yagua	d a p u	2327	4145	Gonzales2023	C V C V
1580	Arabela	to kill	monu	monu	m o n u	None	Zaparoan	- m o n u	2345	4165	Johansson2021	C V C V
80	Iquito	to kill	aamúuni	aamúuni	aː m uː n i	kill	Zaparoan	aː m uː n i	2345	4165	Michael2022	V C V C V
4711	Zaparo	to kill	amunu	amunu	a m u n u	None	Zaparoan	a m u n u	2345	4165	Beier2014	V C V C V
869	WitotoMinica	to kill	méinete	méinete	m e.i n e + t e	None	Huitotoan	m e.i n e + t e	2360	4189 1843	Huber2021	C V C V + C V
1083	WitotoMurui	to kill	meinete	meinete	m e.i n e + t e	None	Huitotoan	m e.i n e + t e	2360	4189 1843	Huber2021	C V C V + C V
1288	WitotoNipode	to kill	méineɗe	méineɗe	m e.i n e + ɗ e	None	Huitotoan	m e.i n e + ɗ e	2360	4189 1843	Huber2021	C V C V + C V
866	WitotoMinica	to know (facts)	onóde	onóde	o n o + d e	None	Huitotoan	o n o + d e	2371	4213 1844	Huber2021	V C V + C V
1080	WitotoMurui	to know (facts)	uiɲote	uiɲote	u.i ɲ o + t e	None	Huitotoan	u.i ɲ o + t e	2371	4213 1844	Huber2021	V C V + C V
1285	WitotoNipode	to know (facts)	onóde	onóde	o n o + d e	None	Huitotoan	o n o + d e	2371	4213 1844	Huber2021	V C V + C V
1584	Arabela	to live	kwiniu	kwiniu	k i n i.u	None	Zaparoan	- k i n i.u	2407	4254	Johansson2021	C V C V
9	Iquito	to live	iwíini	iwíini	i w iː n i	live	Zaparoan	i w iː n i	2407	4254	Michael2022	V C V C V
4717	Zaparo	to live	ikinyu	ikinyu	i k i ɲ u	None	Zaparoan	i k i ɲ u	2407	4254	Beier2014	V C V C V
965	WitotoMinica	to live	káade	káade	k aː + d e	None	Huitotoan	k aː + d e	2423	4271 768	Huber2021	C V + C V
1175	WitotoMurui	to live	kahede	kahede	k a.h.e + d e	None	Huitotoan	k a.h.e + d e	2423	4271 768	Huber2021	C V + C V
1380	WitotoNipode	to live	káade	káade	k aː + d e	None	Huitotoan	k aː + d e	2423	4271 768	Huber2021	C V + C V
938	WitotoMinica	to pull	θonóde	θonóde	θ o n o + d e	None	Huitotoan	θ o n o + d e	2453	4308 1847	Huber2021	C V C V + C V
1145	WitotoMurui	to pull	θonode	θonode	θ o n o + d e	/-no/ SEMLF?	Huitotoan	θ o n o + d e	2453	4308 1847	Huber2021	C V C V + C V
1351	WitotoNipode	to pull	tonóde	tonóde	t o n o + d e	None	Huitotoan	t o n o + d e	2453	4308 1847	Huber2021	C V C V + C V
939	WitotoMinica	to push	ɲuitáde	ɲuitáde	ɲ u.i + t a + d e	None	Huitotoan	ɲ u.i + t a + d e	663	1850 1848 1849	Huber2021	C V + C V + C V
1146	WitotoMurui	to push	ɲuitade	ɲuitade	ɲ u.i + t a + d e	/-ta/ CAUSATIVE	Huitotoan	ɲ u.i + t a + d e	663	1850 1848 1849	Huber2021	C V + C V + C V
1352	WitotoNipode	to push	ɲuiɗáde	ɲuiɗáde	ɲ u.i + ɗ a + d e	None	Huitotoan	ɲ u.i + ɗ a + d e	663	1850 1848 1849	Huber2021	C V + C V + C V
946	WitotoMinica	to sew	tɯɸóde	tɯɸóde	t ɯ + ɸ o + d e	None	Huitotoan	t ɯ + ɸ o + d e	2521	4392 278 285	Huber2021	C V + C V + C V
1153	WitotoMurui	to sew	tɯɸode	tɯɸode	t ɯ + ɸ o + d e	None	Huitotoan	t ɯ + ɸ o + d e	2521	4392 278 285	Huber2021	C V + C V + C V
1359	WitotoNipode	to sew	tɯpóde	tɯpóde	t ɯ + p o + d e	None	Huitotoan	t ɯ + p o + d e	2521	4392 278 285	Huber2021	C V + C V + C V
952	WitotoMinica	to sing	róte	róte	ɾ o + t e	None	Huitotoan	ɾ o + t e	2540	4414 294	Huber2021	C V + C V
1158	WitotoMurui	to sing	rote	rote	r o + t e	None	Huitotoan	r o + t e	2540	4414 294	Huber2021	C V + C V
1365	WitotoNipode	to sing	róɗe	róɗe	ɾ o + ɗ e	None	Huitotoan	ɾ o + ɗ e	2540	4414 294	Huber2021	C V + C V
953	WitotoMinica	to smell (perceive odor)	haʤéde	haʤéde	h a dʒ e + d e	None	Huitotoan	h a dʒ e + d e	2562	4440 1861	Huber2021	C V C V + C V
1077	WitotoMurui	to smell (perceive odor)	haʤede	haʤede	h a dʒ e + d e	None	Huitotoan	h a dʒ e + d e	2562	4440 1861	Huber2021	C V C V + C V
1366	WitotoNipode	to smell (perceive odor)	haʤéde	haʤéde	h a dʒ e + d e	None	Huitotoan	h a dʒ e + d e	2562	4440 1861	Huber2021	C V C V + C V
1621	Arabela	to spit	ɾiokonu	ɾiokonu	ɾ io k o n u	None	Zaparoan	- ɾ io k o n u	2570	4451	Johansson2021	C V C V C V
141	Iquito	to spit	aruukíini	aruukíini	a r uː k iː n i	spit	Zaparoan	a r uː k iː n i	2570	4451	Michael2022	V C V C V C V
4757	Zaparo	to spit	arukuno	arukuno	a r u k u n o	None	Zaparoan	a r u k u n o	2570	4451	Beier2014	V C V C V C V
943	WitotoMinica	to split	botáde	botáde	b o + t a + d e	None	Huitotoan	b o + t a + d e	2592	4482 374 375	Huber2021	C V + C V + C V
1150	WitotoMurui	to split	botade	botade	b o + t a + d e	None	Huitotoan	b o + t a + d e	2592	4482 374 375	Huber2021	C V + C V + C V
1356	WitotoNipode	to split	boɗáde	boɗáde	b o + ɗ a + d e	None	Huitotoan	b o + ɗ a + d e	2592	4482 374 375	Huber2021	C V + C V + C V
961	WitotoMinica	to squeeze	omɯ́de	omɯ́de	o m ɯ + d e	None	Huitotoan	o m ɯ + d e	2603	4499 376	Huber2021	V C V + C V
1169	WitotoMurui	to squeeze	omɯde	omɯde	o m ɯ + d e	Similar to Boran forms.	Huitotoan	o m ɯ + d e	2603	4499 376	Huber2021	V C V + C V
1375	WitotoNipode	to squeeze	omɯ́de	omɯ́de	o m ɯ + d e	None	Huitotoan	o m ɯ + d e	2603	4499 376	Huber2021	V C V + C V
962	WitotoMinica	to squeeze	ɯdúide	ɯdúide	ɯ d u.i + d e	None	Huitotoan	ɯ d u.i + d e	2605	4501 376	Huber2021	V C V + C V
1170	WitotoMurui	to squeeze	ɯduide	ɯduide	ɯ d u.i + d e	None	Huitotoan	ɯ d u.i + d e	2605	4501 376	Huber2021	V C V + C V
1376	WitotoNipode	to squeeze	ɯdúide	ɯdúide	ɯ d u.i + d e	None	Huitotoan	ɯ d u.i + d e	2605	4501 376	Huber2021	V C V + C V
870	WitotoMinica	to swim	ɯ́ɯde	ɯ́ɯde	ɯː + d e	None	Huitotoan	ɯː + d e	2690	4607 431	Huber2021	V + C V
1084	WitotoMurui	to swim	ɯɯde	ɯɯde	ɯː + d e	None	Huitotoan	ɯː + d e	2690	4607 431	Huber2021	V + C V
1289	WitotoNipode	to swim	ɯ́ɯde	ɯ́ɯde	ɯː + d e	None	Huitotoan	ɯː + d e	2690	4607 431	Huber2021	V + C V
2520	Bora	to swim	ihʧʰi	ihʧʰi	i h.tʃʰ i	None	Boran	i h.tʃʰ i	2678	4593	Seifart2024	V C V
2521	Muinane	to swim	ísi-	ísi-	i s i	None	Boran	i s i	2678	4593	Seifart2024	V C V
2519	Proto-Bora-Muinane	to swim	iʦʦi	itʦi	i t.ts i	None	Boran	i t.ts i	2678	4593	Seifart2024	V C V
951	WitotoMinica	to think	komekɯ ɸakáde	komekɯ ɸakáde	k o m e k ɯ + ɸ a k a + d e	None	Huitotoan	k o m e k ɯ + ɸ a k a + d e	2712	4637 4638 2516	Huber2021	C V C V C V + C V C V + C V
1157	WitotoMurui	to think	komekɯ ɸakade	komekɯ ɸakade	k o m e k ɯ + ɸ a k a + d e	None	Huitotoan	k o m e k ɯ + ɸ a k a + d e	2712	4637 4638 2516	Huber2021	C V C V C V + C V C V + C V
1362	WitotoNipode	to think	komekɯ pakáde	komekɯ pakáde	k o m e k ɯ + p a k a + d e	None	Huitotoan	k o m e k ɯ + p a k a + d e	2712	4637 4638 2516	Huber2021	C V C V C V + C V C V + C V
2669	Bora	to throw	pʰikʰʲo	pʰikʰʲo	pʰ i kʰʲ o	None	Boran	pʰ i kʰʲ o	2720	4657	Seifart2024	C V C V
2668	Proto-Bora-Muinane	to throw	piku	piku	p i k u	None	Boran	p i k u	2720	4657	Seifart2024	C V C V
727	Resigaro	to throw	píʔko	píʔko	p i.ʔ k o	None	Arawakan	p i.ʔ k o	2720	4657	Huber2021	C V C V
940	WitotoMinica	to throw	bɯtáde	bɯtáde	b ɯ + t a + d e	None	Huitotoan	b ɯ + t a + d e	2732	4666 543 540	Huber2021	C V + C V + C V
1147	WitotoMurui	to throw	bɯtade	bɯtade	b ɯ + t a + d e	None	Huitotoan	b ɯ + t a + d e	2732	4666 543 540	Huber2021	C V + C V + C V
1353	WitotoNipode	to throw	bɯɗáde	bɯɗáde	b ɯ + ɗ a + d e	None	Huitotoan	b ɯ + ɗ a + d e	2732	4666 543 540	Huber2021	C V + C V + C V
945	WitotoMinica	to tie	kuináde	kuináde	k u.i n a + d e	None	Huitotoan	k u.i n a + d e	2755	4699 1877	Huber2021	C V C V + C V
1152	WitotoMurui	to tie	kuinade	kuinade	k u.i n a + d e	None	Huitotoan	k u.i n a + d e	2755	4699 1877	Huber2021	C V C V + C V
1358	WitotoNipode	to tie	kuináde	kuináde	k u.i n a + d e	None	Huitotoan	k u.i n a + d e	2755	4699 1877	Huber2021	C V C V + C V
954	WitotoMinica	to vomit	kɯkúede	kɯkúede	k ɯ k u e + d e	None	Huitotoan	k ɯ k u e + d e	2783	4743 1878	Huber2021	C V C V V + C V
1159	WitotoMurui	to vomit	kɯkuede	kɯkuede	k ɯ k u e + d e	None	Huitotoan	k ɯ k u e + d e	2783	4743 1878	Huber2021	C V C V V + C V
1367	WitotoNipode	to vomit	kɯkúede	kɯkúede	k ɯ k u e + d e	None	Huitotoan	k ɯ k u e + d e	2783	4743 1878	Huber2021	C V C V V + C V
902	WitotoMinica	to wash	hokóde	hokóde	h o k o + d e	None	Huitotoan	h o k o + d e	2815	4783 1882	Huber2021	C V C V + C V
1111	WitotoMurui	to wash	hokode	hokode	h o k o + d e	None	Huitotoan	h o k o + d e	2815	4783 1882	Huber2021	C V C V + C V
1315	WitotoNipode	to wash	hokóde	hokóde	h o k o + d e	None	Huitotoan	h o k o + d e	2815	4783 1882	Huber2021	C V C V + C V
2955	Andoa	tongue	níti	níti	n i t i	None	Zaparoan	n i t i	2834	4810	Michael2009	C V C V
1638	Arabela	tongue	niti	niti	n i t i	None	Zaparoan	n i t i	2834	4810	Johansson2021	C V C V
166	Iquito	tongue	nɨɨti	nɨɨti	n ɨː t i	tongue	Zaparoan	n ɨː t i	2834	4810	Michael2022	C V C V
746	WitotoMinica	tongue	iɯ́ɸe	iɯ́ɸe	i ɯ ɸ e	None	Huitotoan	i ɯ ɸ e	2852	4828	Huber2021	V V C V
968	WitotoMurui	tongue	iɯɸe	iɯɸe	i ɯ ɸ e	None	Huitotoan	i ɯ ɸ e	2852	4828	Huber2021	V V C V
1178	WitotoNipode	tongue	iɯ́pe	iɯ́pe	i ɯ p e	None	Huitotoan	i ɯ p e	2852	4828	Huber2021	V V C V
2897	AchuarShiwiar	tongue	iná̃ĩ	iná̃ĩ	i n a.i	Phonological alternation: inĩá̃ĩ	Chicham	i n a.i	2833	4809	Fast2008	V C V
1504	Aguaruna	tongue	idai	idai	i d ɛ.i	None	Chicham	i d ɛ.i	2833	4809	Johansson2021	V C V
3693	Shuar	tongue	iniái	iniái	i ɲ e.i	None	Chicham	i ɲ e.i	2833	4809	Pellizzaro2005	V C V
4132	Wampis	tongue	inai	inai	i n a.i	None	Chicham	i n a.i	2833	4809	Peña2023	V C V
1879	Chayahuita	tongue	nɨnɨɾa	nɨnɨɾa	n ɨ n ɨ ɾ a	None	Cahuapanan	n ɨ n ɨ - ɾ a - - - - -	2840	4816	Johansson2021	C V C V C V
3511	Shiwilu	tongue	ñinekla	ñinekla	ɲ i n ə ˀk l a	None	Cahuapanan	ɲ i n ə ˀk l a - - - - -	2840	4816	Valenzuela2012	C V C V C C V
4466	Yanesha	tongue	neɲet͡s	neɲet͡s	n e ɲ e ts + ɲ e + ts	None	Arawakan	n e ɲ e ts - - + ɲ e + ts	2840	4816	Peña2024	C V C V C + C V + C
2956	Andoa	tooth (front rather than molar)	ikyajá	ikyajá	i kʲ a h a	None	Zaparoan	i kʲ a h a	2859	4845	Michael2009	V C V C V
1639	Arabela	tooth (front rather than molar)	kwiaj̃a	kwiaj̃a	kʲ a h a	None	Zaparoan	- kʲ a h a	2859	4845	Johansson2021	C V C V
167	Iquito	tooth (front rather than molar)	iika	iika	iː k a	tooth or fang	Zaparoan	iː k a - -	2859	4845	Michael2022	V C V
3799	Tequiraca	tooth (front rather than molar)	āka	āka	a k a	Tessmann: Zahn	Isolate	a k a - -	2859	4845	Tessmann1930	V C V
2898	AchuarShiwiar	tooth (front rather than molar)	nái	nái	n a.i	None	Chicham	- n a.i	2856	4843	Fast2008	C V
578	Resigaro	tooth (front rather than molar)	oné	oné	o n e	None	Arawakan	o n e	2856	4843	Huber2021	V C V
3694	Shuar	tooth (front rather than molar)	nai	nai	n e.i	None	Chicham	- n e.i	2856	4843	Pellizzaro2005	C V
4131	Wampis	tooth (front rather than molar)	nai	nai	n a.i	None	Chicham	- n a.i	2856	4843	Peña2023	C V
748	WitotoMinica	tooth (front rather than molar)	íθido	íθido	i θ i + d o	None	Huitotoan	i θ i + d o	2874	4860 545	Huber2021	V C V + C V
970	WitotoMurui	tooth (front rather than molar)	iθido	iθido	i θ i + d o	None	Huitotoan	i θ i + d o	2874	4860 545	Huber2021	V C V + C V
1180	WitotoNipode	tooth (front rather than molar)	ítido	ítido	i t i + d o	None	Huitotoan	i t i + d o	2874	4860 545	Huber2021	V C V + C V
1505	Aguaruna	tooth (front rather than molar)	dai	dai	d ɛ.i	None	Chicham	d ɛ.i	2857	4844	Johansson2021	C V
3719	Chibito	tooth (front rather than molar)	dzuī (tui)	dzuī	dz u.i	Tessmann: Zahn	Isolate	dz u.i	2857	4844	Tessmann1930	C V
3085	Juri	tooth (front rather than molar)	(tcha) tikou	tikou	t i	Martius: dens	Ticuna-Yuri	t i	2857	4844	Martius1867	C V
2272	Bora	tooth (front rather than molar)	íʔkʷáhɨɨ́	íʔkʷáhɨɨ́	i.ʔ kʷ a h ɨː	/-hɨɨ́/ CLF:DISK?	Boran	i.ʔ kʷ a h ɨː	2860	4846	Seifart2024	V C V C V
2273	Muinane	tooth (front rather than molar)	íígai	íígai	iː g a i	None	Boran	iː g a - i	2860	4846	Seifart2024	V C V V
2271	Proto-Bora-Muinane	tooth (front rather than molar)	iʔgai	iʔgai	i.ʔ g a i	None	Boran	i.ʔ g a - i	2860	4846	Seifart2024	V C V V
1640	Arabela	tree	naana	naana	n aː n a	None	Zaparoan	n aː - - n a	851	207	Johansson2021	C V C V
168	Iquito	tree	náana	náana	n aː n a	tree	Zaparoan	n aː - - n a	851	207	Michael2022	C V C V
3949	Urarina	tree	n̪ɨ̃ɨ̃n̪ã́	n̪ɨ̃ɨ̃n̪ã́	n ɨː n a	None	Isolate	n ɨː - - n a	851	207	Peña2023	C V C V
4777	Zaparo	tree	nakuna	nakuna	n a k u n a	None	Zaparoan	n a k u n a	851	207	Beier2014	C V C V C V
390	Ocaina	tree	am̥ɯ̃ɯ̃ɲ̥a	am̥ɯ̃ɯ̃ɲ̥a	a m̥ ɯː + ɲ̥ a	None	Huitotoan	a m̥ ɯː + ɲ̥ a	2882	4885 1884	Huber2021	V C V + C V
801	WitotoMinica	tree	aména	aména	a m e + n a	None	Huitotoan	a m e + n a	2882	4885 1884	Huber2021	V C V + C V
1019	WitotoMurui	tree	amena	amena	a m e + n a	None	Huitotoan	a m e + n a	2882	4885 1884	Huber2021	V C V + C V
1226	WitotoNipode	tree	aména	aména	a m e + n a	None	Huitotoan	a m e + n a	2882	4885 1884	Huber2021	V C V + C V
2899	AchuarShiwiar	tree	númi	númi	n u m i	Phonological alternation: yúmi	Chicham	n u m i	2880	4884	Fast2008	C V C V
1506	Aguaruna	tree	numi	numi	n ʊ m i	None	Chicham	n ʊ m i	2880	4884	Johansson2021	C V C V
3695	Shuar	tree	numi	numi	n u m i	None	Chicham	n u m i	2880	4884	Pellizzaro2005	C V C V
4107	Wampis	tree	numi	numi	n u m i	None	Chicham	n u m i	2880	4884	Peña2023	C V C V
2374	Bora	tree	ɯ́me-ʔe	ɯ́me-ʔe	ɯ m ɛ + ʔ ɛ	None	Boran	ɯ m ɛ + ʔ ɛ	2884	4887 4888	Seifart2024	V C V + C V
2375	Muinane	tree	ɨ́mo-ʔo	ɨ́mo-ʔo	ɨ m o + ʔ o	None	Boran	ɨ m o + ʔ o	2884	4887 4888	Seifart2024	V C V + C V
2373	Proto-Bora-Muinane	tree	ɨmo-ʔo	ɨmo-ʔo	ɨ m o + ʔ o	None	Boran	ɨ m o + ʔ o	2884	4887 4888	Seifart2024	V C V + C V
815	WitotoMinica	two	ména	ména	m e n a	None	Huitotoan	m e n a	2917	4943	Huber2021	C V C V
1033	WitotoMurui	two	mena	mena	m e n a	Similar to Boran forms.	Huitotoan	m e n a	2917	4943	Huber2021	C V C V
1239	WitotoNipode	two	ména	ména	m e n a	None	Huitotoan	m e n a	2917	4943	Huber2021	C V C V
2901	AchuarShiwiar	two	jímiar	jímiar	h i mʲ a r	None	Chicham	h i mʲ a r	2899	4923	Fast2008	C V C V C
1507	Aguaruna	two	himag	himag	h i m a ŋ	None	Chicham	h i m a ŋ	2899	4923	Johansson2021	C V C V C
3697	Shuar	two	jímiar	jímiar	h i mʲ a ɾ	None	Chicham	h i mʲ a ɾ	2899	4923	Pellizzaro2005	C V C V C
4078	Wampis	two	jimar	jimar	h i m a r	None	Chicham	h i m a r	2899	4923	Peña2023	C V C V C
2401	Bora	two	mí-ɲéé-kʰɯɯ́	mí-ɲéé-kʰɯɯ́	m i + ɲ ɛ.ɛ + kʰ ɯ.ɯ	None	Boran	m i + ɲ ɛ.ɛ + kʰ ɯ.ɯ	2901	4925 4926 4927	Seifart2024	C V + C V + C V
2402	Muinane	two	míí-no-kkɨ	míí-no-kkɨ	m i.i + n o + k.k ɨ	None	Boran	m i.i + n o + k.k ɨ	2901	4925 4926 4927	Seifart2024	C V + C V + C V
2400	Proto-Bora-Muinane	two	mi-no-kɨ	mi-no-kɨ	m i + n o + k ɨ	None	Boran	m i + n o + k ɨ	2901	4925 4926 4927	Seifart2024	C V + C V + C V
3291	Pebas	two	nomoira	nomoira	n o m o i ɾ a	Martius: 2	Peba-Yagua	n o m o i ɾ a - - -	2918	4944	Martius1867	C V C V V C V
4422	Yagua	two	araju̠	araju̠	n a r a m u e	None	Peba-Yagua	n a - - - r a m u e	2918	4944	Gonzales2023	C V C V C V V
3824	Yameo	two	narámue̯	narámue̯	n a r a m u e	Tessmann: zwei	Peba-Yagua	n a - - - r a m u e	2918	4944	Tessmann1930	C V C V C V V
2904	AchuarShiwiar	warm (of weather)	tsúwer	tsúwer	ts u w ɨ r	None	Chicham	ts u w ɨ r	2924	4967	Fast2008	C V C V C
4960	Shuar	warm (of weather)	tsuer	tsuer	ts u ɨ r	None	Chicham	ts u - ɨ r	2924	4967	Pellizzaro2005	C V V C
4983	Wampis	warm (of weather)	tsuer	tsuer	ts u ɨ r	None	Chicham	ts u - ɨ r	2924	4967	Peña2023	C V V C
2958	Andoa	water	moáka	moáka	m o a k a	None	Zaparoan	m o - a k a	2929	4973	Michael2009	C V V C V
1643	Arabela	water	mowaka	mowaka	m o w a k a	None	Zaparoan	m o w a k a	2929	4973	Johansson2021	C V C V C V
176	Iquito	water	aaka	aaka	aː k a	water	Zaparoan	- - - aː k a	2929	4973	Michael2022	V C V
777	WitotoMinica	water	háɯnoi	háɯnoi	h a.ɯ n o.i	None	Huitotoan	h a.ɯ n o.i	2947	4993	Huber2021	C V C V
994	WitotoMurui	water	hɯnui	hɯnui	h ɯ n u.i	None	Huitotoan	h ɯ n u.i	2947	4993	Huber2021	C V C V
1201	WitotoNipode	water	háɯnoi	háɯnoi	h a.ɯ n o.i	None	Huitotoan	h a.ɯ n o.i	2947	4993	Huber2021	C V C V
2906	AchuarShiwiar	water	yúmi	yúmi	j u m i	None	Chicham	j u m i	2928	4972	Fast2008	C V C V
1509	Aguaruna	water	jumi	jumi	j ʊ m i	None	Chicham	j ʊ m i	2928	4972	Johansson2021	C V C V
4962	Shuar	water	yumi	yumi	j u m i	'agua de lluvia'	Chicham	j u m i	2928	4972	Pellizzaro2005	C V C V
4961	Wampis	water	yumi	yumi	j u m i	None	Chicham	j u m i	2928	4972	Peña2023	C V C V
2329	Bora	water	nɯ́-hpʰakʰʲo	nɯ́-hpʰakʰʲo	n ɯ + h.pʰ a kʰʲ o	None	Boran	n ɯ + h.pʰ a kʰʲ o	2930	4974 4975	Seifart2024	C V + C V C V
2330	Muinane	water	nɨ́-ɸáíʔu	nɨ́-ɸáíʔu	n ɨ + ɸ a.i ʔ u	None	Boran	n ɨ + ɸ a.i ʔ u	2930	4974 4975	Seifart2024	C V + C V C V
2328	Proto-Bora-Muinane	water	nɨ-ppaiu	nɨ-ppaiu	n ɨ + p.p a.i u	None	Boran	n ɨ + p.p a.i - u	2930	4974 4975	Seifart2024	C V + C V V
4964	AchuarShiwiar	water	éntsa	éntsa	ɨ n ts a	'río, quebrada'	Chicham	ɨ n ts a	2941	4987	Fast2008	V C C V
4963	Aguaruna	water	entsa	entsa	ɨ n ts a	'riachuelo, arroyo, quebrada'	Chicham	ɨ n ts a	2941	4987	Paati2020	V C C V
3701	Shuar	water	entsa	entsa	ɨ n ts a	'agua de vertiente'	Chicham	ɨ n ts a	2941	4987	Pellizzaro2005	V C C V
4195	Wampis	water	entsa	entsa	ɨ n ts a	None	Chicham	ɨ n ts a	2941	4987	Peña2023	V C C V
421	Ocaina	we	xa	xa	x a	None	Huitotoan	x a	714	1904	Huber2021	C V
823	WitotoMinica	we	kaɯ	kaɯ	k a.ɯ	None	Huitotoan	k a.ɯ	714	1904	Huber2021	C V
1040	WitotoMurui	we	kaɯ	kaɯ	k a.ɯ	1PL	Huitotoan	k a.ɯ	714	1904	Huber2021	C V
1247	WitotoNipode	we	kaɯ	kaɯ	k a.ɯ	None	Huitotoan	k a.ɯ	714	1904	Huber2021	C V
424	Ocaina	we	xoxo	xoxo	x o x o	None	Huitotoan	x o x o	716	1905	Huber2021	C V C V
824	WitotoMinica	we	kóko	kóko	k o k o	None	Huitotoan	k o k o	716	1905	Huber2021	C V C V
1041	WitotoMurui	we	koko	koko	k o k o	1DL.M	Huitotoan	k o k o	716	1905	Huber2021	C V C V
1248	WitotoNipode	we	kóko	kóko	k o k o	None	Huitotoan	k o k o	716	1905	Huber2021	C V C V
2419	Bora	we	mɯɯ́ʔa	mɯɯ́ʔa	m ɯ.ɯ ʔ a	None	Boran	m ɯ.ɯ ʔ a	2955	5016	Seifart2024	C V C V
2420	Muinane	we	mɨ́ɨ́ʔai	mɨ́ɨ́ʔai	m ɨ.ɨ ʔ a.i	None	Boran	m ɨ.ɨ ʔ a.i	2955	5016	Seifart2024	C V C V
2418	Proto-Bora-Muinane	we	mɨɨʔai	mɨɨʔai	m ɨ.ɨ ʔ a.i	None	Boran	m ɨ.ɨ ʔ a.i	2955	5016	Seifart2024	C V C V
2907	AchuarShiwiar	we	ii	ii	iː	None	Chicham	iː	2954	5015	Fast2008	V
4965	Aguaruna	we	ii	ii	iː	definite	Chicham	iː	2954	5015	Overall2007	V
3702	Shuar	we	li	li	iː	None	Chicham	iː	2954	5015	Pellizzaro2005	V
4059	Wampis	we	ii	ii	iː	None	Chicham	iː	2954	5015	Peña2023	V
2588	Bora	wet	pʰɨ́ɨ́pʰá-ɲe	pʰɨ́ɨ́pʰá-ɲe	pʰ ɨ.ɨ pʰ a + ɲ ɛ	None	Boran	pʰ ɨ.ɨ pʰ a + ɲ ɛ	2978	5056 5053	Seifart2024	C V C V + C V
2590	Muinane	wet	ɸééɸa-ɲo	ɸééɸa-ɲo	ɸ e.e ɸ a + ɲ o	None	Boran	ɸ e.e ɸ a + ɲ o	2978	5056 5053	Seifart2024	C V C V + C V
2585	Proto-Bora-Muinane	wet	peepai-no	peepai-no	p e.e p a.i + n o	None	Boran	p e.e p a.i + n o	2978	5056 5053	Seifart2024	C V C V + C V
1645	Arabela	what?	kasaa	kasaa	k a s aː	None	Zaparoan	k a s aː	2993	5080	Johansson2021	C V C V
180	Iquito	what?	saakaa	saakaa	k aː s aː	what	Zaparoan	k aː s aː	2993	5080	Michael2022	C V C V
4786	Zaparo	what?	katsaka	katsaka	k a ts a.k.a	None	Zaparoan	k a ts a.k.a	2993	5080	Beier2014	C V C V
2909	AchuarShiwiar	what?	warí	warí	w a r i	None	Chicham	w a r i	2991	5079	Fast2008	C V C V
1511	Aguaruna	what?	wahi	wahi	w a h i	None	Chicham	w a h i	2991	5079	Johansson2021	C V C V
3704	Shuar	what?	warí	warí	w a ɾ i	None	Chicham	w a ɾ i	2991	5079	Pellizzaro2005	C V C V
4067	Wampis	what?	wari	wari	w a r i	None	Chicham	w a r i	2991	5079	Peña2023	C V C V
1646	Arabela	when?	kaɾi	kaɾi	k a ɾ i	None	Zaparoan	k a ɾ i	3012	5108	Johansson2021	C V C V
181	Iquito	when?	jɨɨ́tikari	jɨɨ́tikari	k a r i	when	Zaparoan	k a r i	3012	5108	Michael2022	C V C V
4787	Zaparo	when?	tiyakari	tiyakari	k a r i	None	Zaparoan	k a r i	3012	5108	Beier2014	C V C V
886	WitotoMinica	when?	nɯrúido	nɯrúido	n ɯ + ɾ u.i + d o	None	Huitotoan	n ɯ + ɾ u.i + d o	3022	5118 1912 1913	Huber2021	C V + C V + C V
1098	WitotoMurui	when?	nɯruido	nɯruido	n ɯ + r u.i + d o	Q1-CLF:DAY-INS	Huitotoan	n ɯ + r u.i + d o	3022	5118 1912 1913	Huber2021	C V + C V + C V
1304	WitotoNipode	when?	nɯrúido	nɯrúido	n ɯ + ɾ u.i + d o	None	Huitotoan	n ɯ + ɾ u.i + d o	3022	5118 1912 1913	Huber2021	C V + C V + C V
2910	AchuarShiwiar	when?	warútik	warútik	w a r u t i k	Phonological alternation: warútia	Chicham	w a r u t i k	3011	5107	Fast2008	C V C V C V C
1512	Aguaruna	when?	wahuti	wahuti	w a h ʊ t i	None	Chicham	w a h ʊ t i -	3011	5107	Johansson2021	C V C V C V
3705	Shuar	when?	urútai	urútai	u ɾ u t ei	None	Chicham	- u ɾ u t ei -	3011	5107	Pellizzaro2005	V C V C V
4069	Wampis	when?	urutma	urutma	u r u t	None	Chicham	- u r u t - -	3011	5107	Peña2023	V C V C
887	WitotoMinica	where?	nɯnó	nɯnó	n ɯ + n o	None	Huitotoan	n ɯ + n o	3041	5143 1915	Huber2021	C V + C V
1099	WitotoMurui	where?	nɯno	nɯno	n ɯ + n o	None	Huitotoan	n ɯ + n o	3041	5143 1915	Huber2021	C V + C V
1305	WitotoNipode	where?	nɯnó	nɯnó	n ɯ + n o	None	Huitotoan	n ɯ + n o	3041	5143 1915	Huber2021	C V + C V
888	WitotoMinica	where?	nɯné	nɯné	n ɯ + n e	None	Huitotoan	n ɯ + n e	3042	5143 1925	Huber2021	C V + C V
1100	WitotoMurui	where?	nɯne	nɯne	n ɯ + n e	None	Huitotoan	n ɯ + n e	3042	5143 1925	Huber2021	C V + C V
1306	WitotoNipode	where?	nɯné	nɯné	n ɯ + n e	None	Huitotoan	n ɯ + n e	3042	5143 1925	Huber2021	C V + C V
2911	AchuarShiwiar	where?	tuní	tuní	t u n i	None	Chicham	t u n i	3028	5131	Fast2008	C V C V
1513	Aguaruna	where?	tuwi	tuwi	t ʊ w i	None	Chicham	t ʊ w i	3028	5131	Johansson2021	C V C V
4969	Shuar	where?	tuí	tuí	t u i	None	Chicham	t u - i	3028	5131	Pellizzaro2005	C V V
4068	Wampis	where?	tui	tui	t u i	None	Chicham	t u - i	3028	5131	Peña2023	C V V
4429	Yagua	where?	te	te	t e	None	Peba-Yagua	t e - -	3028	5131	Gonzales2023	C V
2912	AchuarShiwiar	white	púju	púju	p u h u	Because of order of the entries: píshi	Chicham	p u h u	3044	5159	Fast2008	C V C V
1514	Aguaruna	white	puhu	puhu	p ʊ h ʊ	None	Chicham	p ʊ h ʊ	3044	5159	Johansson2021	C V C V
3706	Shuar	white	puju	puju	p u h u	None	Chicham	p u h u	3044	5159	Pellizzaro2005	C V C V
317	Ticuna	white	pŭʼu	pŭʼu	p u ʔ u	be white	Ticuna-Yuri	p u ʔ u	3044	5159	Bertet2020	C V C V
4218	Wampis	white	puju	puju	p u h u	None	Chicham	p u h u	3044	5159	Peña2023	C V C V
836	WitotoMinica	white	úθerede	úθerede	u θ e + ɾ e + d e	None	Huitotoan	u θ e + ɾ e + d e	3069	5181 1927 1951	Huber2021	V C V + C V + C V
1052	WitotoMurui	white	uθerede	uθerede	u θ e + r e + d e	None	Huitotoan	u θ e + r e + d e	3069	5181 1927 1951	Huber2021	V C V + C V + C V
1258	WitotoNipode	white	úterede	úterede	u t e + ɾ e + d e	None	Huitotoan	u t e + ɾ e + d e	3069	5181 1927 1951	Huber2021	V C V + C V + C V
3259	Pebas	white	papasey	papasey	p a p a s e j	Martius: albus	Peba-Yagua	p a p a s e j -	3061	5173	Martius1867	C V C V C V C
4400	Yagua	white	pupasi	pupasi	p u p a s i	None	Peba-Yagua	p u p a s i - -	3061	5173	Gonzales2023	C V C V C V
3826	Yameo	white	pašelắ	pašelắ	p a ʃ e l a	Tessmann: weiß	Peba-Yagua	- - p a ʃ e l a	3061	5173	Tessmann1930	C V C V C V
1649	Arabela	who?	kana	kana	k a n a	None	Zaparoan	k a n - - a - -	3073	5200	Johansson2021	C V C V
184	Iquito	who?	kánɨɨka	kánɨɨka	k a n ɨː k a	who	Zaparoan	k a n ɨː k a - -	3073	5200	Michael2022	C V C V C V
654	Resigaro	who?	kéení	kéení	k eː n i	None	Arawakan	k eː n i - - - -	3073	5200	Huber2021	C V C V
4790	Zaparo	who?	kanatɨ	kanatɨ	k a n a t ɨ	None	Zaparoan	k a n - - a t ɨ	3073	5200	Beier2014	C V C V C V
446	Ocaina	who?	bṍ	bṍ	b o	None	Huitotoan	b o	3081	5206	Huber2021	C V
841	WitotoMinica	who?	bu	bu	b u	None	Huitotoan	b u	3081	5206	Huber2021	C V
1057	WitotoMurui	who?	bu	bu	b u	None	Huitotoan	b u	3081	5206	Huber2021	C V
1263	WitotoNipode	who?	bu	bu	b u	None	Huitotoan	b u	3081	5206	Huber2021	C V
2913	AchuarShiwiar	who?	ya	ya	j a	Because of order of the entries and examples: yáki	Chicham	j a	3071	5199	Fast2008	C V
1515	Aguaruna	who?	ja	ja	j a	None	Chicham	j a	3071	5199	Johansson2021	C V
3707	Shuar	who?	ya	ya	j a	None	Chicham	j a	3071	5199	Pellizzaro2005	C V
4066	Wampis	who?	ya	ya	j a	None	Chicham	j a	3071	5199	Peña2023	C V
917	WitotoMinica	wide	áiʤue	áiʤue	a.i dʒ u + e	None	Huitotoan	a.i dʒ u + e	3108	5243 1975	Huber2021	V C V + V
1125	WitotoMurui	wide	aiʤue	aiʤue	a.i dʒ u + e	big-CLF:G	Huitotoan	a.i dʒ u + e	3108	5243 1975	Huber2021	V C V + V
1329	WitotoNipode	wide	áiʤue	áiʤue	a.i dʒ u + e	None	Huitotoan	a.i dʒ u + e	3108	5243 1975	Huber2021	V C V + V
2914	AchuarShiwiar	wide	wangkáram	wangkáram	w a ŋ k a + r a m	None	Chicham	w a ŋ k a + r a m	3091	5229 1391	Fast2008	C V C C V + C V C
1516	Aguaruna	wide	wagkaham	wagkaham	w a ŋ k a + h a m	None	Chicham	w a ŋ k a + h a m	3091	5229 1391	Johansson2021	C V C C V + C V C
3708	Shuar	wide	wankáaram	wankáaram	w a ŋ k aː + ɾ a m	None	Chicham	w a ŋ k aː + ɾ a m	3091	5229 1391	Pellizzaro2005	C V C C V + C V C
4085	Wampis	wide	wankaram	wankaram	w a n k a + r a m	wanka + -rama 'adjectivizer'	Chicham	w a n k a + r a m	3091	5229 1391	Peña2023	C V C C V + C V C
771	WitotoMinica	wife	áɯ	áɯ	a.ɯ	None	Huitotoan	a.ɯ	3122	5265	Huber2021	V
989	WitotoMurui	wife	aɯ	aɯ	a.ɯ	None	Huitotoan	a.ɯ	3122	5265	Huber2021	V
1197	WitotoNipode	wife	áɯ	áɯ	a.ɯ	None	Huitotoan	a.ɯ	3122	5265	Huber2021	V
2314	Bora	wife	tʰaápa	tʰaápa	tʰ a.a p a	None	Boran	tʰ a.a p a	3115	5258	Seifart2024	C V C V
2315	Muinane	wife	táaba	táaba	t a.a b a	None	Boran	t a.a b a	3115	5258	Seifart2024	C V C V
2313	Proto-Bora-Muinane	wife	taaba	taaba	t a.a b a	None	Boran	t a.a b a	3115	5258	Seifart2024	C V C V
4971	Aguaruna	wife	nuwa	nuwa	n u w a	woman, wife	Chicham	n u w a - -	3113	5257	Overall2007	C V C V
3767	Omurano	wife	njiwā́na	njiwā́na	ɲ i w a n a	Tessmann: Ehefrau	Isolate	ɲ i w a n a	3113	5257	Tessmann1930	C V C V C V
4972	Shuar	wife	nuwa	nuwa	n u w a	woman, wife	Chicham	n u w a - -	3113	5257	Saad2014	C V C V
4096	Wampis	wife	nuwe	nuwa	n u w a	None	Chicham	n u w a - -	3113	5257	Peña2023	C V C V
785	WitotoMinica	wind	hairíɸo	hairíɸo	h a.i ɾ i ɸ o	None	Huitotoan	h a.i ɾ i ɸ o	3145	5293	Huber2021	C V C V C V
1002	WitotoMurui	wind	hairiɸo	hairiɸo	h a.i r i ɸ o	None	Huitotoan	h a.i r i ɸ o	3145	5293	Huber2021	C V C V C V
1208	WitotoNipode	wind	hairípoɯ	hairípoɯ	h a.i ɾ i p o.ɯ	None	Huitotoan	h a.i ɾ i p o.ɯ	3145	5293	Huber2021	C V C V C V
2916	AchuarShiwiar	wind	nasé̃	nasé̃	n a s ɨ	None	Chicham	n a s ɨ	3129	5277	Fast2008	C V C V
1518	Aguaruna	wind	dasɨ	dasɨ	d a s ɨ	None	Chicham	d a s ɨ	3129	5277	Johansson2021	C V C V
3709	Shuar	wind	nase	nase	n a s ɨ	None	Chicham	n a s ɨ	3129	5277	Pellizzaro2005	C V C V
4208	Wampis	wind	nase	nase	n a s ɨ	None	Chicham	n a s ɨ	3129	5277	Peña2023	C V C V
906	WitotoMinica	wing	iáiko	iáiko	i a.i + k o	None	Huitotoan	i a.i + k o	3165	5320 1979	Huber2021	V V + C V
1114	WitotoMurui	wing	iaiko	iaiko	i a.i + k o	/-ko/ CLF:COVER	Huitotoan	i a.i + k o	3165	5320 1979	Huber2021	V V + C V
1318	WitotoNipode	wing	iáiko	iáiko	i a.i + k o	None	Huitotoan	i a.i + k o	3165	5320 1979	Huber2021	V V + C V
2917	AchuarShiwiar	wing	nanáp	nanáp	n a n a p	None	Chicham	n a n a p -	3152	5307	Fast2008	C V C V C
1517	Aguaruna	wing	nanapɨ	nanapɨ	n a n a p ɨ	None	Chicham	n a n a p ɨ	3152	5307	Johansson2021	C V C V C V
3710	Shuar	wing	nánape	nánape	n a n a p ɨ	None	Chicham	n a n a p ɨ	3152	5307	Pellizzaro2005	C V C V C V
4136	Wampis	wing	nanap	nanap	n a n a p	None	Chicham	n a n a p -	3152	5307	Peña2023	C V C V C
907	WitotoMinica	with (accompanying)	dɯ́ga	dɯ́ga	d ɯ g a	None	Huitotoan	d ɯ g a	3177	5337	Huber2021	C V C V
1115	WitotoMurui	with (accompanying)	dɯga	dɯga	d ɯ g a	None	Huitotoan	d ɯ g a	3177	5337	Huber2021	C V C V
1319	WitotoNipode	with (accompanying)	dɯ́ga	dɯ́ga	d ɯ g a	None	Huitotoan	d ɯ g a	3177	5337	Huber2021	C V C V
2598	Bora	with (accompanying)	-ma	-ma	m a	None	Boran	m a	3171	5331	Seifart2024	C V
2599	Muinane	with (accompanying)	-ma	-ma	m a	None	Boran	m a	3171	5331	Seifart2024	C V
2597	Proto-Bora-Muinane	with (accompanying)	-ma	-ma	m a	None	Boran	m a	3171	5331	Seifart2024	C V
2919	AchuarShiwiar	with (accompanying)	-jaĩ	-jaĩ	h a i	None	Chicham	h a i	3170	5330	Fast2008	C V V
4973	Aguaruna	with (accompanying)	-haĩ	-haĩ	h a i	None	Chicham	h a i	3170	5330	Overall2007	C V V
3711	Shuar	with (accompanying)	-ja̠i	-ja̠i	h a i	None	Chicham	h a i	3170	5330	Pellizzaro2005	C V V
4247	Wampis	with (accompanying)	-jai	-jai	h a i	commitative posposition -jai	Chicham	h a i	3170	5330	Peña2023	C V V
2960	Andoa	woman	máaji	máaji	m a a h i	None	Zaparoan	m a - a h i	3184	5352	Michael2009	C V V C V
1653	Arabela	woman	maaj̃i	maaj̃i	m aː h i	None	Zaparoan	m aː - - h i	3184	5352	Johansson2021	C V C V
191	Iquito	woman	mɨɨsaji	mɨɨsaji	m ɨː s a h i	woman	Zaparoan	m ɨː s a h i	3184	5352	Michael2022	C V C V C V
769	WitotoMinica	woman	rɯìŋo	rɯìŋo	ɾ ɯ.i + ŋ o	None	Huitotoan	ɾ ɯ.i + ŋ o	777	1981 1982	Huber2021	C V + C V
987	WitotoMurui	woman	rɯɲo	rɯɲo	r ɯ + ɲ o	woman-CLF:DR.F	Huitotoan	r ɯ + ɲ o	777	1981 1982	Huber2021	C V + C V
1195	WitotoNipode	woman	rɯìŋo	rɯìŋo	ɾ ɯ.i + ŋ o	None	Huitotoan	ɾ ɯ.i + ŋ o	777	1981 1982	Huber2021	C V + C V
2920	AchuarShiwiar	woman	núwa	núwa	n u w a	None	Chicham	n u w a	3183	5351	Fast2008	C V C V
1519	Aguaruna	woman	nuwa	nuwa	n ʊ w a	None	Chicham	n ʊ w a	3183	5351	Johansson2021	C V C V
3712	Shuar	woman	nua	nua	n u a	None	Chicham	n u - a	3183	5351	Pellizzaro2005	C V V
4092	Wampis	woman	nuwa	nuwa	n u w a	None	Chicham	n u w a	3183	5351	Peña2023	C V C V
2921	AchuarShiwiar	woods	íkiam	íkiam	i kʲ a m	None	Chicham	i kʲ a m	3213	5390	Fast2008	V C V C
4974	Aguaruna	woods	íkam	íkam	i k a m	None	Chicham	i k a m	3213	5390	Paati2020	V C V C
4975	Shuar	woods	ikiam	ikiam	i kʲ a m	None	Chicham	i kʲ a m	3213	5390	Pellizzaro2005	V C V C
4108	Wampis	woods	ikam	ikam	i k a m	None	Chicham	i k a m	3213	5390	Peña2023	V C V C
905	WitotoMinica	worm	áɯkɯ	áɯkɯ	a ɯ k ɯ	None	Huitotoan	a ɯ k ɯ	3235	5416	Huber2021	V V C V
1113	WitotoMurui	worm	aɯkɯ	aɯkɯ	a ɯ k ɯ	None	Huitotoan	a ɯ k ɯ	3235	5416	Huber2021	V V C V
1317	WitotoNipode	worm	áɯkɯ	áɯkɯ	a ɯ k ɯ	None	Huitotoan	a ɯ k ɯ	3235	5416	Huber2021	V V C V
2595	Bora	worm	ɯɯ́pa	ɯɯ́pa	ɯ ɯ p a	None	Boran	- ɯ - ɯ p a	3229	5410	Seifart2024	V V C V
2596	Muinane	worm	hɨ́ʔɨba	hɨ́ʔɨba	h ɨ ʔ ɨ b a	None	Boran	h ɨ ʔ ɨ b a	3229	5410	Seifart2024	C V C V C V
2594	Proto-Bora-Muinane	worm	hɨʔba	hɨʔba	h ɨ ʔ b a	None	Boran	h ɨ ʔ - b a	3229	5410	Seifart2024	C V C C V
2922	AchuarShiwiar	worm	áka	áka	a k a	None	Chicham	a k a	3227	5409	Fast2008	V C V
4976	Aguaruna	worm	áka	áka	a k a	None	Chicham	a k a	3227	5409	Paati2020	V C V
3714	Shuar	worm	aka	aka	a k a	None	Chicham	a k a	3227	5409	Pellizzaro2005	V C V
4106	Wampis	worm	aka	aka	a k a	None	Chicham	a k a	3227	5409	Peña2023	V C V
826	WitotoMinica	ye	ómoɯ	ómoɯ	o m o.ɯ	None	Huitotoan	o m o.ɯ	807	2014	Huber2021	V C V
1043	WitotoMurui	ye	omoɯ	omoɯ	o m o.ɯ	2PL	Huitotoan	o m o.ɯ	807	2014	Huber2021	V C V
1249	WitotoNipode	ye	ómaɯ	ómaɯ	o m a.ɯ	None	Huitotoan	o m a.ɯ	807	2014	Huber2021	V C V
827	WitotoMinica	ye	ómɯkoɯ	ómɯkoɯ	o m ɯ k oɯ	None	Huitotoan	o m ɯ k oɯ	3258	5451	Huber2021	V C V C V
1044	WitotoMurui	ye	omɯko	omɯko	o m ɯ k o	2DL.M	Huitotoan	o m ɯ k o	3258	5451	Huber2021	V C V C V
1250	WitotoNipode	ye	ómaɯko	ómaɯko	o m aɯ k o	None	Huitotoan	o m aɯ k o	3258	5451	Huber2021	V C V C V
2422	Bora	ye	ámɯɯ́ʔa	ámɯɯ́ʔa	a m ɯ.ɯ ʔ a	None	Boran	a m ɯ.ɯ ʔ a	3242	5436	Seifart2024	V C V C V
2423	Muinane	ye	amɨ́ɨ́ʔai	amɨ́ɨ́ʔai	a m ɨ.ɨ ʔ a.i	None	Boran	a m ɨ.ɨ ʔ a.i	3242	5436	Seifart2024	V C V C V
2421	Proto-Bora-Muinane	ye	amɨɨai	amɨɨai	a m ɨ.ɨ a.i	None	Boran	a m ɨ.ɨ - a.i	3242	5436	Seifart2024	V C V V
2923	AchuarShiwiar	ye	átum	átum	a t u m	None	Chicham	a t u m -	3240	5433	Fast2008	V C V C
4977	Aguaruna	ye	atumɨ	atumɨ	a t ʊ m ɨ	None	Chicham	a t ʊ m ɨ	3240	5433	Overall2007	V C V C V
3715	Shuar	ye	átum	átum	a t u m	None	Chicham	a t u m -	3240	5433	Pellizzaro2005	V C V C
4060	Wampis	ye	atum	atumɨ	a t u m ɨ	None	Chicham	a t u m ɨ	3240	5433	Peña2023	V C V C V
1654	Arabela	year	maɾij̃ia	maɾij̃ia	m a ɾ i hʲ a	None	Zaparoan	- m a ɾ i hʲ a	3265	5473	Johansson2021	C V C V C V
192	Iquito	year	amáriyaana	amáriyaana	a m a r i j aː	year	Zaparoan	a m a r i j aː	3265	5473	Michael2022	V C V C V C V
4798	Zaparo	year	amarihya	amarihya	a m a r i hʲ a	None	Zaparoan	a m a r i hʲ a	3265	5473	Beier2014	V C V C V C V
2717	Bora	year	pʰíhkʰʲapa	pʰíhkʰʲapa	pʰ i h.kʰʲ a p a	None	Boran	pʰ i h.kʰʲ a p a	3266	5474	Seifart2024	C V C V C V
2718	Muinane	year	ɸikába	ɸikába	ɸ i k a b a	None	Boran	ɸ i k a b a	3266	5474	Seifart2024	C V C V C V
2716	Proto-Bora-Muinane	year	pikaba	pikaba	p i k a b a	None	Boran	p i k a b a	3266	5474	Seifart2024	C V C V C V
880	WitotoMinica	yellow	borárede	borárede	b o ɾ a + ɾ e + d e	None	Huitotoan	b o ɾ a + ɾ e + d e	3292	5501 2015 2016	Huber2021	C V C V + C V + C V
1093	WitotoMurui	yellow	borarede	borarede	b o r a + r e + d e	None	Huitotoan	b o r a + r e + d e	3292	5501 2015 2016	Huber2021	C V C V + C V + C V
1299	WitotoNipode	yellow	borárede	borárede	b o ɾ a + ɾ e + d e	None	Huitotoan	b o ɾ a + ɾ e + d e	3292	5501 2015 2016	Huber2021	C V C V + C V + C V
2556	Bora	yellow	ʧíhkʰʲáneɯ́βɯ́	ʧíhkʰʲáneɯ́βɯ́	tʃ i	None	Boran	tʃ i	3282	5493	Seifart2024	C V
2557	Muinane	yellow	gíígiβano	gíígiβano	g i.i	None	Boran	g i.i	3282	5493	Seifart2024	C V
2555	Proto-Bora-Muinane	yellow	gi	gi	g i	None	Boran	g i	3282	5493	Seifart2024	C V
4979	AchuarShiwiar	yellow	yangkú	yangkú	j a ŋ k u	None	Chicham	j a ŋ k u	3294	5504	Fast2008	C V C C V
4978	Aguaruna	yellow	yagkú	yagkú	j a ŋ k ʊ	None	Chicham	j a ŋ k ʊ	3294	5504	Paati2020	C V C C V
3717	Shuar	yellow	yanku	yanku	j a ŋ k u	None	Chicham	j a ŋ k u	3294	5504	Pellizzaro2005	C V C C V
4217	Wampis	yellow	yanku	yanku	j a n k u	None	Chicham	j a n k u	3294	5504	Peña2023	C V C C V
